,Title,줄거리,장르,Image,image_name
0,연극 〈운빨로맨스〉- 대학로,"점에 살고 점에 죽는 점보늬의 호랑이띠 남자와 하룻밤 보내기 프로젝트 목숨이 걸린 중요한 미션 과연 보늬의 운명은..? '일주일 안에 호랑이며 남자와 하룻밤을 보내지 않으면.... 세상의 모든 불운은 본인으로부터 시작된다고 믿는 운명론자 점보늬 점보늬가 사는 건물의 새건물주이자 86년생 숫총각 호랑이띠 '운명은 스스로 개척하는 것!
제발로 걸어들어온 완벽한 부적 호랑이띠 남자
제대리님. 첫 눈에 반한다는 말.전 믿습니다","로맨스, 코믹, 공감/힐링",연극 〈운빨로맨스〉- 대학로.png,/content/drive/MyDrive/캡스톤/데이터/연극/연극_포스터/연극 〈운빨로맨스〉- 대학로.png
1,(리얼타임 코믹연극) 택시안에서 - 서울,"쾌활하고 유쾌한 택시 운전사 민수 그리고 하영과 소희 두 남녀의 운명적인 만남!
남들 다 하는 연애는 시작도 못 해본 연애고자 하영 남들 다 하는 연애가 왠지 뜻대로 되지 않는 소희 영화보다 더 영화같은 운! 명! 적! 인! 만남 그러나 오랜 연애 끝에 결국 두 사람은 이별을 하게 되고, 이별의 상처로 소희는 한국을 떠날 결심을 한다. 뒤늦게 후회가 밀려 온 하영은 소희를 만나기 위해 공항으로 가는 택시를 급히 타게 되는데
<공항까지 도착 시간은 75분!> 의미심장한 택시 기사 민수와 자신에게 주어진 엄청난 반전 앞에 당황할 수밖에 없는 하영의 운명은?","코믹, 로맨스, 공감/힐링",(리얼타임 코믹연극) 택시안에서 - 서울.png,/content/drive/MyDrive/캡스톤/데이터/연극/연극_포스터/(리얼타임 코믹연극) 택시안에서 - 서울.png
2,(코믹연극) 달동네-부산,"정음의 아버지 경민은 행정착오로 인해 월남전 참전 중 전사자 처리가 되고,......
잘못된 전사자통지를 받은 아내 혜자는 사춘기소녀 정음과 철부지 막내 정용을 이끌고
부산의 달동네에 자리잡고 살아간다. 하루도 조용할 날이 없는 정음이네 가족과 달동네 사람들
그러나 심한 화상으로 인해 얼굴을 알아보기가 어려웠을 뿐, 살아있었던 아버지 경민은 귀향을 하였으나
가족들은 이미 이사를 간 뒤, 행방을 알 길이 없는 경민은 엿장사를 하면서 전국을 다니며 찾던 중 부산 자갈치 시장에서 생선장사를 하는 아내를 보게된다.
심한 화상에 자신을 알아보지 못하는 가족의 주위만 맴돌고 있는 경민 갈치 상회 죽은 남편을 잊지 못하고 살아가는 혜자... 어려운 현실에 죽은 아버지 원망만 하는 사춘기 소녀 정음... 천진난만한 철부지 소년 정용... 친구의 죽음에 대한 자책감과 의리로 정음네 가족을 따라 온 병구.. 그리고 서로를 의지하며 살아가는 달동네 사람들
한편, 갑작스런 달동네 재개발이 결정되고
가족과 달동네 사람들은 강제로 쫓겨날 위기에 처하게 되는데.....","코믹, 감동, 드라마",(코믹연극) 달동네-부산.gif,/content/drive/MyDrive/캡스톤/데이터/연극/연극_포스터/(코믹연극) 달동네-부산.gif
3,10년 연속 1위 연극〈옥탑방고양이〉- 틴틴홀,"이중계약으로 엮인 사랑스러운 두 청춘의, 동화 같은 사랑이 시작된다! 상큼발랄 좌충우돌 옥탑방 생존기!”
서울 종로구 창신동 달콤한 연애 판타지가 펼쳐질 옥탑방
꿈을 이루기 위해 서울로 갓 상경한 작가 지망생 정은!
꿈을 이루기 위해 독립을 선언한 건축학도 경민!
동시에 이사를 오다?! 계약 먼저 한 남자와 이사 먼저 한 여자가 벌이는 어쩌다 한집! ""버라이어티 현실공감 로맨스! 보증금과 월세로 엮인 옥탑방메이트! 과연 소울메이트가 될 수 있을까?","로맨스, 공감/힐링, 판타지",10년 연속 1위 연극〈옥탑방고양이〉- 틴틴홀.png,/content/drive/MyDrive/캡스톤/데이터/연극/연극_포스터/10년 연속 1위 연극〈옥탑방고양이〉- 틴틴홀.png
4,2023 연극 〈친정엄마와 2박 3일〉 - 고양,"가족'에게는 그 어떤 힘든 시기도 헤쳐나갈 '기적' 같은 '힘'이 있습니다!
엄마의 전화 한 통 살갑게 받아주지 못하던 바쁜 서울 깍쟁이 딸, 미영. 어느 날 연락도 없이 시골 친정엄마 집을 찾는다. 미영은 전기장판에 의지해 겨울을 나는 궁상맞은 엄마 모습에 속이 터지고 엄마는 갑자기 내려온 딸에게 무슨 일이 있는 건 아닌지 속이 타기만 한다. 왜 진작 내려와보지 못했는지 가슴이 아픈 미영과 애미가 못나 고생하는 건 아닌지 가슴이 미어지는 엄마는 그렇게 지난 후회와 화해로 2박3일을 함께 보낸다. 미영이 서울로 올라가는 마지막 날, 둘은 마지막 인사를 나누는데...","감동, 드라마",2023 연극 〈친정엄마와 2박 3일〉 - 고양.png,/content/drive/MyDrive/캡스톤/데이터/연극/연극_포스터/2023 연극 〈친정엄마와 2박 3일〉 - 고양.png
5,2시간탈출 졸탄쇼,"넘버벌 개그 퍼포먼스 삑삑이
관객 참여형 코너!
예상치 못한 상황에 웃음을 참을 수 없을 것이다.
레트로그
20년 전에 유행했던 짧은 개그!
꼭 한번 해보고 싶었습니다.
전국 최초! 세계 최초! 관객들에게
개인기를 선물해 주는 유일무일한 코너!
강제 프로포즈를 당해야 한다. 관객이 주인공 되는 시간!
""다금바리"" 차트 역주행 곡! 당신 또한 함께 춤을 추며 노래를 부를 것이다.
이재형의 마술쇼
tvn 코미디빅리그에서 선보인
<졸탄극장>코너를 바로 눈 앞에서.....
예언마술
이 모든 연극은 처음부터 정해져 있었다.
깜짝 놀랄 마술같은 일이 펼쳐진다.
엔딩콘서트
스탠딩 라이브로 즐길 수 있는 콘서트! 다같이 소리질러~","코믹, 관객참여형",2시간탈출 졸탄쇼.png,/content/drive/MyDrive/캡스톤/데이터/연극/연극_포스터/2시간탈출 졸탄쇼.png
6,4D공포연극 〈스위치〉,"불이 꺼지면 진실이 그 모습을 드러낸다.
손대는 작품마다 대박행진을 이끌어낸 연극계 흥행신화의 주인공 고연출. 극장은 신작 <로미오와 줄리엣> 연습에 한창이다. 극의 주인공으로 출연하게 된 지혜와 달수는 성공에 눈이 먼 고연출의 강압적인 훈련방식에 점점 지쳐가고, 급기야 극장에서 환청을 듣거나 귀신을 보는 등 기이한 현상들을 경험하게된다.
한편, 과거 극장에서 일어난 불미스러운 사건을 조사하던 유기자는 고연출의 연속된 공연 흥행과 과거의 사건이 밀접한 관련이 있음을 직감하고 그의 수상한 행적을 쫓기 시작한다.","공포, 스릴러",4D공포연극 〈스위치〉.png,/content/drive/MyDrive/캡스톤/데이터/연극/연극_포스터/4D공포연극 〈스위치〉.png
7,★평점9.5★ 코미디의맛/쇼미더퍼니,"코미디의명가 윤형빈소극장에서 펼쳐지는 대표개그SHOW
코빅, 개콘을 바로 눈앞에서 보는 느낌~! 국내 최고 개그맨들이 엄선한 포복절도, 웃음유발 개그쇼~
상상치 못한 순간, 상황상황 마다 터지는 애드립은 타의 추종을 불허한다
관객이 함께 참여해 공감대 형성! 두배 더 즐거운 공연~!!!!","코믹, 관객참여형",★평점9.5★ 코미디의맛 쇼미더퍼니.gif,/content/drive/MyDrive/캡스톤/데이터/연극/연극_포스터/★평점9.5★ 코미디의맛/쇼미더퍼니.gif
8,공포연극 조각,"비 내리는 어느 여름날, 한적한 시골마을에 은행 강도 사건이 일어난다. 용의자 희태와 순철은 경찰을 피해 가까스로 도주에 성공하고 사람들의 발길이 끊긴 허름한 폐가에 잠시 머물기로 하는데... 그 곳엔 이미 은행 여직원인 영희가 기다리고 있다. 우연인지 필연인지 모르는 상황에 영희는 알 수 없는 말만 늘어놓는다.
낯설지만 낯설지 않은 공간 그리고 그 곳에서 일어나는 알 수 없는 일들 수수께끼처럼 얽혀있던 기억의 조각들이
하나씩 맞춰지기 시작하는데...","공포, 스릴러, 미스터리",공포연극 조각.png,/content/drive/MyDrive/캡스톤/데이터/연극/연극_포스터/공포연극 조각.png
9,공포연극 ［자취］,"생활 밀착형 공포 자취방을 배경으로 한 더욱 현실감 있는 스토리!
부모님의 반대에도 불구하고 생애 첫 독립에 성공한 미지. 어느 날 미지의 자취방에서 들려오는 의문의 소리와
악몽에 시달리는 미지와 태훈 그리고 알 수 없는 아랫층 남자의 물음... 과연 이 방에는 어떤 비밀이 숨겨져 있을까...","공포, 스릴러, 미스터리",공포연극 ［자취］.png,/content/drive/MyDrive/캡스톤/데이터/연극/연극_포스터/공포연극 ［자취］.png
10,괴물B,"근대 이후 산업재해로 손실된 노동자의 몸, 그들의 폐기된 육신을 상상한다!
특별한 몸을 가진 B는 자신의 몸이 시작된 어느 폐공장에 짐을 푼다. 배달 일을 하는 연아는 일이 없을 때 이곳에서 시간을 보내며 B와 폐공장을 공유한다. 자신의 정체를 모르는 연아에게 B는 사람 찾는 일을 부탁한다. B가 찾는 인물은 세 명, 그녀는 수고비를 받고 그 중 한 사람을 찾아나선다. 그를 찾는 과정에서 연아는 B가 세 명의 인물을 절실하게 찾는 이유와 어릴적 사라진 아빠의 실체에 서서히 다가간다.","드라마, 블랙코미디, 미스터리",괴물B.gif,/content/drive/MyDrive/캡스톤/데이터/연극/연극_포스터/괴물B.gif
11,국민 코믹 연극 〈오백에삼십〉 - 대학로 세우아트센터 1관,"다닥다닥 붙어서 살지만 옆집에 누가 사는지도 모르고
서로에게 무관심한 세상. 서울 한 동네에 ""돼지빌라""라는
보증금 500만원에 월세 30짜리 원룸이 있습니다.
주인 아주머니도 아주 좋으신(?) 분이고 겨울에는 따뜻하고 여름에는 진짜 시원한 집이 있어요. 이웃사람들도 인정도 많고 그 돈에 이정도 집 없다니까~ 고작 7평짜리 원룸, 옥탑방에서도 우리는 꿈을 그리고 삶을 배워나갑니다. 정을 나누고 인사를 하고 음식도 나눠먹으며 살던중. 의문의 살인사건이 일어나는데..","코믹, 스릴러, 미스터리",국민 코믹 연극 〈오백에삼십〉 - 대학로 세우아트센터 1관.gif,/content/drive/MyDrive/캡스톤/데이터/연극/연극_포스터/국민 코믹 연극 〈오백에삼십〉 - 대학로 세우아트센터 1관.gif
12,대학로 1위 연극 〈쉬어매드니스〉,"사건이 벌어진 바로 그날 그날의 관객과 함께 살인사건을 해결하는 코믹추리 수사극!
Shear Madness 미용실, 그리고 살인사건
언제나 말 많고 분주한 '쉬어매드니스 미용실의 일상이 뒤집히는 날! 미용실 위층에서 일어난 살인사건의 용의자를 반드시 찾아야 한다! 사건의 피해자는 미용실 위층에 살고 있던 한 사람 왕년에 잘 나가던 유명 피아니스트 '바이엘 하이다. 손님으로 가장해 잠복하고 있던 형사들은 미용실에 함께 있던 사람들을 용의자로 지목하고, 이 광경을 모두 지켜보고 있던 관객들은 목격자이자 배심원이 되어 용의자들의 행적을 캐묻는다. 저마다 완벽하고 치밀한 알리바이를 내세워 자신을 변호하는 네 명의 인물들
미용실 주인 '조호진(조지)'와 '장미숙(수지)' 미용실 단골손님인 부잣집 사모님 '한보현' 골동품판매상인 '오준수'까지! 범인은 바로 여기! 미용실 안에 있다!
오늘의 당신만이 오늘의 범인을 잡을 수 있다!
당신이 지목할 범인은 누구인가?","미스터리, 코믹, 관객참여형",대학로 1위 연극 〈쉬어매드니스〉.png,/content/drive/MyDrive/캡스톤/데이터/연극/연극_포스터/대학로 1위 연극 〈쉬어매드니스〉.png
13,러브 앤 인포메이션,"DAC Artist 진해정은 연극을 통해 사회 중심부에서 밀려나 주변부에서 스스로의 목소리를 잃은 채 살아가고 있는 이들을 주목해온 창작자다. 입양인, 여성, 퀴어 등 사회적 소수자들의 삶을 들여다보는 작업을 해왔다.
<러브 앤 인포메이션>은 영국의 극작가 카릴 처칠(Caryl Churchill)이 2012년도 발표한 작품이다. 작품은 7개의 섹션 안에 2-5분가량의 짧은 76개의 장면들과 100명이 넘는 인물들로 구성되어 있다. 작가는 젠더와 나이를 특정하지 않은 인물, 발화인이 지정되지 않은 대사, 시공간이 지정되지 않은 장면 등을 기반하여 동시대와 사랑·과학·언어에 대한 사유를 일상적 언어로 풀어내고 통제할 수 없을 정도로 범람하는 정보들과 그 세계 내부를 표류하고 있는 인간의 풍경들을 여러 순간들로 포착한다. 진해정은 정보사회에 존재하는 다양한 사태와 징후를 담은 퍼즐 같은 텍스트를 연출하며, 동시대 인간의 인식 변화와 관계에 대해 질문한다.
",드라마,러브 앤 인포메이션.gif,/content/drive/MyDrive/캡스톤/데이터/연극/연극_포스터/러브 앤 인포메이션.gif
14,메이드 인 제인,"SF 추리 로맨스
인류 최초, AI머신 살인 사건이 발생했다
가까운 미래, 2046년 인류 최초로 AI로봇이 인간을 살해하는 사건이 벌어진다. 경찰은 이 사건을 기계 오작동으로 인한 '사고사'로 종결하고 프로파일러 이삭은 이러한 판단에 의문을 갖는다. ""알아야지. 누가, 왜 그랬는지 우리가 알아야지""
차가운 밤, 살인 로봇 요한의 독방을 몰래 찾아온 이삭.
요한과의 면담이 시작되고.. 요한은 자신이 죽인 제인과 연인 사이라고 주장하는데 크리스마스의 캐롤이 울려퍼지는 오늘, 이삭은 어떤 판단을 가지고 돌아갈 것인가?","판타지, 로맨스, 미스터리",메이드 인 제인.png,/content/drive/MyDrive/캡스톤/데이터/연극/연극_포스터/메이드 인 제인.png
15,뮤직드라마 〈불편한 편의점〉,"서울역에서 노숙 중인 사내 '독고'.
어느 날 70대 여사 '염영숙'의 지갑을 찾아준 인연으로
그녀가 운영하는 편의점 '올웨이즈'에서 야간 알바를 시작한다. 덩치가 곰 같은 이 사내는 알코올성 치매로 과거를 기억하지 못하고, 말과 행동이 어눌했지만 의외로 일을 잘해내며 손님들과 주변사람들을 사로잡는 묘한 능력을 발휘한다. 시간이 지날수록 편의점 밤을 지키는 든든한 일꾼이 되어가는 독고. 고등학교에서 역사를 가르치다 정년퇴임을 한 편의점 염사장을 필두로 20대 취준생 알바 시현, 50대 생계형 알바 오선숙 여사, 매일 밤 야외 테이블에서 참참참 세트로 혼술을 하며 하루의 스트레스를 푸는 회사원 경만, 마지막이라는 각오로 청파동에 글을 쓰러 온 희곡작가 인경까지. 녹록지 않은 인생의 무게와 현실적 문제를 안고 사는 이들은 각자의 시선으로 독고를 관찰하기 시작하는데...","드라마, 공감/힐링",뮤직드라마 〈불편한 편의점〉.png,/content/drive/MyDrive/캡스톤/데이터/연극/연극_포스터/뮤직드라마 〈불편한 편의점〉.png
16,연극 〈굿닥터〉,"브로드웨이의 전설 닐 사이먼이 안톤 체홉의 익살스럽고 재치 있는 단편들을 각색해서 엮은 옴니버스 희곡!
서울시극단이 김승철 연출과 동시대적 감각으로 더욱 쉽고 재미있게!
인간의 본질을 통찰한 휴먼코미디!
코미디지만 그 안에서 삶의 갈등과 어려움을 재치 있고 유머러스하게 표현하여 인간애를 듬뿍 담았다. 아울러 보통 사람들의 이야기로 공감을 불러일으키며 우리 주변을 따스한 시선으로 응시한다. 자극적인 콘텐츠가 홍수처럼 넘치는 시대에 지친 마음을 치유하고 잔잔한 감동을 전한다.","드라마, 코믹",연극 〈굿닥터〉.png,/content/drive/MyDrive/캡스톤/데이터/연극/연극_포스터/연극 〈굿닥터〉.png
17,연극 〈극적인 하룻밤〉,"친했던 선배 형과 사랑했던 옛 애인의 결혼식에 씁쓸한 기분으로 참석한 정훈은 밥 한 끼 먹고 가려다 들린 피로연장에서 연어 초밥을 내놓으라며 막무가내로 엉겨 붙는 이상한 여자 시후를 만나게 된다. 시후와의 실랑이 도중,
각자의 옛 애인이 서로 눈 맞아 결혼했다는 사실을 정훈은 뒤늦게 알게 된다. 시후는 정말 죽고 싶다며 정훈에게 하룻밤만 같이 자자고 보채고, 이에 난감해진 정훈은 엉뚱한 그녀의 매력에 자신도 모르게 호기심이 발동하는데... 어쩌다 하룻밤을 허락한 정훈, 고개 숙인 채 정훈의 뒤를 묵묵히 따라가는 시후 
그래서, 네 사랑은 도대체 뭔데? 어떤 건데?
서로 다른 연애 가치관을 가진 두 사람
그 둘 앞에 펼쳐질 극적인 하룻밤은?","성인용, 로맨스, 공감/힐링",연극 〈극적인 하룻밤〉.gif,/content/drive/MyDrive/캡스톤/데이터/연극/연극_포스터/연극 〈극적인 하룻밤〉.gif
18,연극 〈기형도 플레이〉,"아홉 명의 작가, 아홉 명의 배우, 아홉 편의 시. 하나의 기형도.
<기형도 플레이>는 기형도 시인의 시에서 얻은 사유를 토대로 극적인 변환을 시도한 작품이다.
기형도 시에 각인된 눅눅하지만 부정할 수 없는 현실,
그의 시가 지닌 시대적 좌절감은 현재에도 유효하며 그 어느 때보다도 서늘하다. 그의 시 아홉 편에서 비롯된 작품 <기형도 플레이>에는 고용계약이 만료된 비정규직, 속수무책으로 늙어가는 작가 지망생, 그리움의 방향이 다르기에 균열돼가는 남녀, 자기 생을 끝낼 곳을 찾아 떠나는 여행자 등이 등장한다. 그들에게는 당장이라도 끝나버릴 것 같은 인생, 반드시 패배할 것 같은 무서운 삶의 장면들이 이어진다. 그러나 누더기 같은 삶의 한 조각씩을 모은 <기형도 플레이>의 울림은 그 공포에 질린 눈들이 가닿는 곳이 희망의 방향이라고 말한다.
기형도 시인은 씁쓸하고 가슴 시린 청춘의 상징이자 상실의 아이콘으로서 당대의 청춘들을 위로했음은 물론,
현재 그 어느 세대보다 마음 둘 곳 없는 청춘들에게도 크나큰 위안이 될 것이다.","드라마, 공감/힐링",연극 〈기형도 플레이〉.gif,/content/drive/MyDrive/캡스톤/데이터/연극/연극_포스터/연극 〈기형도 플레이〉.gif
19,연극 〈나의PS파트너〉,"5년간의 긴~ 연애로 시들해진 연인관계를 극복하기 위해 이벤트를 준비한 윤정! 자신의 모든 개인기(?)를
선보이지만 수화기 너머의 남자! 내 남자가 아니다???!!!!
전 여친에게 새 남자가 생겼다는 소식을 듣고
열등감 폭발!!! 외로움 증폭에 잠 못 이루고
뒤척이던 그에게 어느 날 밤.. 야릇한 전화 한 통이 걸려온다.
수화기 너머로 각자의 연애와 일상 등 속 깊은 대화를 나누며 점점 가까워지는 두 사람・・・ 첫 감정 이상의 무언가를 서로에게 느끼게 되고, 어느 날 남자를 다시 찾아온 전 여자친구... 이들은 과연 어떤 선택을 하게 될까?","로맨스, 코믹, 성인용",연극 〈나의PS파트너〉.png,/content/drive/MyDrive/캡스톤/데이터/연극/연극_포스터/연극 〈나의PS파트너〉.png
20,연극 〈바닷마을 다이어리〉,"어느 바닷가의 한적한 마을. 아버지의 외도로 부모가 떠난 집에 세자매인 사치, 요시노, 치카가 함께 살고 있다.  어느 날, 아버지의 부고 소식을 듣고 장례식장으로 향한 세 자매. 그곳에서 이복 여동생 스즈를 만나게 된다. 어릴 적 어머니를 잃어 새어머니와 살아야 하는 스즈가 마음에 걸린 세 자매는 스즈에게 함께 살자고 제안한다.
""오지 않을래? 우리 집에.""
그렇게 스즈는 바닷가 마을에서 사치, 요시노, 치카와 함께 살게 된다. 어색한 사이였던 그들은 가족에 대한 기억과 일상을 공유하며 서로의 상처를 보듬고 진정한 가족이 되어간다.","드라마, 감동",연극 〈바닷마을 다이어리〉.png,/content/drive/MyDrive/캡스톤/데이터/연극/연극_포스터/연극 〈바닷마을 다이어리〉.png
21,연극 〈뷰티풀라이프〉,"한 남자, 그리고 한 여자
두 사람이 처음 만나 서로 호감을 가지고
연애하기까지 몇 분도 걸리지 않는다. 연애할 때는 서로 죽고 못 살 정도로 닭살 커플이지만, 서로 떨어지게 되면서 자연스럽게 멀어지게 된다. 하지만 서로의 노력 끝에 다시 만나게 돼 결혼까지 성공하게 된 두 사람은 결혼이라는, 인생이라는 큰 쳇바퀴 안에서 힘들어 하지만 우여곡절 끝에 결국은 서로의 마음을 다시 확인하게 된다. 그리고 홀로 남겨질 사람을 위한 작은 준비! 그 큰 쳇바퀴를 뒤로 돌려보며 다시금 떠올리게 되는 너와 나, 그리고 우리의 사랑이야기","드라마, 감동, 공감/힐링",연극 〈뷰티풀라이프〉.png,/content/drive/MyDrive/캡스톤/데이터/연극/연극_포스터/연극 〈뷰티풀라이프〉.png
22,연극 〈수상한흥신소〉,"작은 동네책방을 운영하는 오상우. 이 책방엔 조금 특별한 손님들이 찾아온다. 보통 사람들에겐
보이지 않는, 오로지 상우만 응대할 수 있는 특별한 손님들. 이곳의 정체는 바로, 책방으로 위장한
영혼들을 위한 서비스센터! 오상우는 이 수상한 흥신소의 대표였던 것!
어느날 책방 옆집으로 낯선 인물이 이사를 오고, 흥신소에는 아주 큰 위기가 다가오는데..","감동, 코믹",연극 〈수상한흥신소〉.png,/content/drive/MyDrive/캡스톤/데이터/연극/연극_포스터/연극 〈수상한흥신소〉.png
23,연극 〈슈만〉,"스승의 딸을 사랑한 남자, 스승의 아내를 사랑한 남자
두 남자의 뮤즈(Muse)이자 독일인들의 뮤즈(Muse)인 클라라 슈만. 가난으로 인해 술집과 부둣가를 전전하며
생계형 연주를 이어오던 브람스는 친구 요하임의 추천으로 당대 최고의 피아니스트 클라라 슈만과 낭만주의 작곡가 로베르트 슈만 앞에서 연주를 선보이게 된다. 단번에 브람스의 천재성을 알아본 로베르트 슈만은 그를 제자로 받아들이며, 그와 함께 지내게 된다. 하지만, 브람스는 자신의 스승인 로베르트 슈만의 아내이자 14살 연상인 클라라 슈만을 보고 첫 눈에 사랑에 빠지게 되는데...","역사극, 드라마, 로맨스",연극 〈슈만〉.png,/content/drive/MyDrive/캡스톤/데이터/연극/연극_포스터/연극 〈슈만〉.png
24,연극 〈카페 쥬에네스〉,"1920년대 말, 일제강점기의 경성, 가을.
아내의 죽음으로 의열단을 탈퇴한 정해원은
아버지의 유산인 Cafe Jeunesse (청춘)를 운영한다.
어느 날, 술과차를 팔고 부자손님들의
귀중품거래를 중개하는 한편, 독립군들에게 자금을 지원하던 해원에게 동지이자 친우인 신우와 또 다른 단원 정신이 한아이를 데리고 찾아온다.
전설적인 독립투사이자, 해원에게는 친형제와도 같은 동지윤이안의 동생 이서 신우와 정신, 그리고 해원은 작전명 '파란'을 통해 이서를 포함한독립투사들의 아이들을 탈출시킬 계획을 세우고 카페 지하에 아이들을 숨기는 한편, 직원들로 위장해 정보를 모으고 무기를 구하는 등 '파란' 작전의 성공을 위해 혼신의 힘을 다 하지만 한남자의 등장으로 모든 것이 달라진다.
아마쿠사 아키. 경성경무국에 새로 부임한 아키는
해원의 명성을 듣고 찾아왔다며 거절할 수 없는 거래를 부탁하는데.... '장담하는데, 정선생이라면
그 물건의 가치를 알아보실 겁니다.'","역사극,드라마",연극 〈카페 쥬에네스〉.gif,/content/drive/MyDrive/캡스톤/데이터/연극/연극_포스터/연극 〈카페 쥬에네스〉.gif
25,연극 너의 목소리가 들려,"재개발지역에 발생한 갑작스런 화재로 많은 사람들이 죽고 수지는 엄마를 잃게 된다. 방화범으로 몰린 수지는 교도소에 가게 되고.... 10년의 수감생활을 마친 수지는
엄마와의 추억이 깃든 옛동네로 발걸음을 옮긴다.
수지를 알아본 동네 사람들은 수지를 죽여야 한다며 소리친다. 한편 우연한 사고로 다른 사람의 생각을 듣게 된
민준은 수지의 진심을 알게 되고 수지의 누명을 벗기기 위해 노력한다. 과연 재개발지역 방화사건의 진범은 밝혀질 것인가..
","코믹, 판타지, 미스터리",연극 너의 목소리가 들려.gif,/content/drive/MyDrive/캡스톤/데이터/연극/연극_포스터/연극 너의 목소리가 들려.gif
26,연극 죽여주는 이야기,"자살 사이트를 통해 만나게 된 그들의 유쾌하면서도 살벌한 대화! 어떤 사연으로 '은밀한 실험실'에 모였을까?! 비가 억수같이 쏟아지는 음침한 날
지하 깊은 그곳에 그로테스크한 모습을 한 여자가 찾아온다. 그녀의 아이디는 마돈나....
비를 맞고 오랜 시간 길을 헤맨 탓에 머리는 서로 뒤엉켜버리고 마스카라는 엉망진창 번져버렸다. 그녀가 찾아간 곳은 한 자살사이트 회장의 은밀한 실험실. 그리고 그 곳에서 기다리고 있는 건 인터넷으로 알게 된 자살 사이트 회장, 수려한 외모의 소유자인 안락사! 그리고 그녀가 부른 의문의 사나이 바보레옹.
그곳에서 벌어지는 기괴하지만 흥미롭고 유쾌한 상품 설명들! 살벌해 보이는 공간에 살벌해 보이는 인물들이 '자살'이라는 살벌한 이야기를 하는데 왜 웃음이 터지는거니! 살벌하지만 죽을만큼 웃긴 그들의 사연이 다시 시작된다!","코믹, 블랙코미디",연극 죽여주는 이야기.png,/content/drive/MyDrive/캡스톤/데이터/연극/연극_포스터/연극 죽여주는 이야기.png
27,연극 한뼘사이,"한 뼘 더 가까워질 수 있는 사랑의 타이밍을 잡을 수 있을까?
날 좋아하는 거야 뭐야? 연인인 듯 친구인 듯.. 나만 설레는 건가? 무뚝뚝한 여자와 썸을 넘지 못하는 답답한 남자의 만남 닮은 듯 아닌 듯 한 두 남녀 사이의 한뼘사이 아픔을 대처하는 방법이 다른 두 남녀
더 용감하게 밝게 이겨내는 여자와 어차피 망한 인생, 갈 때까지 가는 어설픈 사기꾼의 만남 서로 다른 두 남녀 사이의 한뼘사이 닿을 듯 말 듯 한 한뼘사이에서
이들의 아슬아슬 알콩달콩한 이야기가 시작된다!","로맨스, 코믹",연극 한뼘사이.png,/content/drive/MyDrive/캡스톤/데이터/연극/연극_포스터/연극 한뼘사이.png
28,연극 핫식스,"대학교 때 뜨거운 사랑을 했던 지연과 준수
시간이 흐를수록 너무 익숙해져서 가족인지 연인인지 짜릿함은 없고 짜증만 늘어간다. 결혼을 한달 앞두고 준수가 모텔에서 나오는 걸 목격하는 지연.
이들의 사랑, 결혼은 어떻게 되는 것일까.
식어버린 사랑은 다시 불타오를 수 있을까.","코믹, 로맨스, 성인용",연극 핫식스.gif,/content/drive/MyDrive/캡스톤/데이터/연극/연극_포스터/연극 핫식스.gif
29,연극〈늘근도둑이야기〉,"두 늙은 도둑의 노후대책을 위한 마지막 한탕!
그런데 하필 '그분'의 미술관을!
대통령 취임 특사로 감옥에서 풀려난 두늙은 도둑은
노후대책을 위한 마지막 한탕을 꿈꾸며 어느부잣집 하필 '그분'의 미술관에 잠입한다. 엄청난 부와 권위를 자랑하는'그분'의 미술관엔 세계적인 미술작품들이 소장되어 있지만 작품의 가치를 모르는두 늙은 도둑은 오직금고만을 노린다.
경비견이 잠들기까지 옥신각신 금고 앞을 지키던 두 사람은 결국 조사실로 끌려가게 되는데......
있지도 않은 범행 배후와 있을 수도 없는 사상적 배경을 밝히려는 수사관, 그리고 엉뚱한 소리만 늘어놓는 두 늙은 도둑의 포복절도 코미디가 시작된다!
","코미디,미스터리,스릴러",연극〈늘근도둑이야기〉.png,/content/drive/MyDrive/캡스톤/데이터/연극/연극_포스터/연극〈늘근도둑이야기〉.png
30,이머시브씨어터 카지노,"빛도 시간도 바람도 없는 24시간 365일 쉼 없이 돌아가는 카지노
운명을 담보로 인생을 건 게임이 시작된다.
미지의 카드를 향한 믿음과 희망 가득한 베팅 딜러의 손에 쥔 한 장의 카드가 펼쳐지면 각자의 운명이 갈린다. 희열이 솟구치고, 절망에 무너지고 희비가 교차되고, 승패가 갈라지고 가진 자는 웃지만, 잃은 자는 죽는다. 모두 원하지만 한 사람만 가능한 오늘의 카지노 주인공은 바로
당신일수도..","스릴러,관객참여형",이머시브씨어터 카지노.png,/content/drive/MyDrive/캡스톤/데이터/연극/연극_포스터/이머시브씨어터 카지노.png
31,"제6회 1번출구 연극제 〈월드다방〉, 〈#정답을작성해주세요〉, 〈순례네 국밥〉","마을한켠에 자리한 <월드다방>은공장에서 근무하는 이들의 맛집이자 휴식 같은 공간이다. 한번의 아픔을 겪은 후 더이상의 사랑은 없다생각하며 살아가는 춘자.
희망없는 삶속에서도 그녀가 행복을 느끼게 될 날이 올까? 90년대 그시절 공장주변 다방에서 벌어지는 사람냄새나는 그들의 속 시끄러운 이야기. 누구보다 진정한 사랑과 삶의 대한꿈이 간절했던 춘자와 저마다의 희망을 찾아가는사람들. 서로가 서로에게 진심으로 필요한 존재가 되고 또 다른 가족이 되는 그곳 <월드다방>에서 춘자는 오늘도 달달한 커피를 만든다.
""행복을 소망하는 당신의 9명의 배우들이 전하는 진솔한
이야기를 만나는 곳"" ","감동,드라마","제6회 1번출구 연극제 〈월드다방〉, 〈#정답을작성해주세요〉, 〈순례네 국밥〉.gif","/content/drive/MyDrive/캡스톤/데이터/연극/연극_포스터/제6회 1번출구 연극제 〈월드다방〉, 〈#정답을작성해주세요〉, 〈순례네 국밥〉.gif"
32,좀비연극 오마이갓,"“살려주세요....!""
경찰에게 걸려온 한 통의 전화... 의문의 살인사건이 일어난다...! 오마이갓 펜션에 초대받고 브이로그를 촬영하던 프로 유튜버 세라는 이곳의 관리 알바이자 과거 썸남이었던 지호와 우연히 만나게 되고 그(?) 사건 이후 오랜만에 만난 둘의 분위기가 묘한 것도 잠시, 펜션에 도착한 첫날부터 알 수 없는 이상한 일들이 일어나기 시작한다. 미쳐서 날뛰는 사람들, 걷잡을 수 없이 퍼지는 바이러스, 사라진 백신...! 죽음의 손길이 점점 지호와 세라에게로 향해 가는데.....","공포,판타지,관객참여형",좀비연극 오마이갓.png,/content/drive/MyDrive/캡스톤/데이터/연극/연극_포스터/좀비연극 오마이갓.png
33,진짜나쁜소녀,"잔인하게 살해당한 유명 여배우 황지희 살인 사건의 유력한 용의자로 지목된 이무길, 이무길은 자신의 무죄를 입증하기 위해 정치인, 대기업 만 상대하는 승률 100% 냉혈 변호사 김안나를 찾는다. 재판까지 일주 일 남은 상황에서 무길은 김안나의 딸 김요아를 납치하고 안나에게 거 래를 제안한다.
""당신 딸 김요아를 살리고 싶으면 나의 무죄를 입증해""
이무길의 별장에서 마주한 두 사람, 김안나는 완벽한 승소와 딸을 구하 기 위해 처음부터 사건을 재구성해야 하고 완벽한 진실을 요구한다. 결 국 1심에서 무죄를 받아낸다. 하지만, 재판 과정에서 안나는 무길이 요 아를 납치하지 않았다는 것, 요아가 살인 사건과 연관성이 있다는 것이 밝혀진다. 사라진 김요아는 어디 있으며, 황지희 살인 사건의 진범은 누구인가. 검사 측의 항소를 대비하기 위해 다시 이무길 별장에 마주 한 두 사람, 각자의 숨겨진 진실이 밝혀진다. ""모두가 가해자다""","스릴러,미스터리,블랙코미디",진짜나쁜소녀.png,/content/drive/MyDrive/캡스톤/데이터/연극/연극_포스터/진짜나쁜소녀.png
34,코미디 연극〈딜리버리〉,"혼돈 그 자체 배달의 시작!! 상상하지 못했던 수상한 배달이 간다! 직장 상사에게 ♡♡♡ 배달, 바람핀 전 남친에게 ♡♡♡배달, 공무원시험 앞둔 딸에게☆☆ 배달, 납치범에게??? 배달 등
평범하지 않은 배달 의뢰로 '무엇이든 배달해 주는' 딜리버리의 하루는 오늘도 바쁘다!!! 하지만 이건 시작에 불과했다. 상상하지 못했던 수상한 배달이 간다! 상상도 못 했던 극한의 배달들이 연이어 접수되는데...",코미디,코미디 연극〈딜리버리〉.png,/content/drive/MyDrive/캡스톤/데이터/연극/연극_포스터/코미디 연극〈딜리버리〉.png
35,코믹감동 휴먼판타지 연극 〈2호선 세입자〉,"우당탕탕! 웃음만발 2호선
2호선에 사람이 산다고?!
아버지의 뒤를 이어 기관사가 되겠다는 청년, 이호선!
하지만 취업도 실패, 사랑도 실패... 무엇 하나 되는 일이 없다. 이번역은 '웃음' 간신히 2호선 역무원으로 취직하게 되지만 그마저도 불안한 계약직이다. 애인에게 차이고 술에 취한 채 차고지까지 가게 된 호선은, 그곳에서 믿을 수 없는 광경을 목격하게 되는데...","코믹,감동,힐링",코믹감동 휴먼판타지 연극 〈2호선 세입자〉.png,/content/drive/MyDrive/캡스톤/데이터/연극/연극_포스터/코믹감동 휴먼판타지 연극 〈2호선 세입자〉.png
36,행오버,"모든 일은 파라다이스 호텔 506호에 시작된다.
남편(철수)의 외도를 알게 된 지연(부인)은 이벤트 업체를 이용해서 남편에게 사과를 받고 싶어한다. 이벤트 업체 대표 태민은 지연의 계획대로 철수에게 사과를 받아보려고 했지만, 만취한 철수는 지연을 506호에서 살해한다. 당황한 이벤트 업체 대표 태민은 철수를
급하게 507호로 옮기고 4시간만 대실한다.
술이 깬 철수에게 지난 밤 일을 설명하지만, 철수는 기억나지 않는다. 506호 살인 사건을 조사 중인 경찰이 507호를 방문하지만, 태민의 임기응변으로 위기를 넘긴다. 그런데, 507호에는 다른 2명이 더 있다. 초능력이 있다고 주장하는 508호 케이(남), 자살하기 위해 호텔을 찾은 509호 엠마(여), 케이와 엠마 두명 역시 술을 먹고 깨어보니 507호라는 황당한 말을 전한다.
507호에 만난 태민,철수, 케이,엠마! 만약, 경찰이 507호로 들이닥치면 4명 모두 공범이 되는 상황. 이런 말도 안되는 상황을 믿어 줄 경찰은 없다.
4명은 서로를 의심하며 서로에게 자백을 강요하기 시작하는데.... 이들 4명에게 주어진 시간은 대실 4시간
4시간 안에 모든 것을 밝혀내야 되는 상황에서
4명의 비밀이 하나씩 드러난다.
#반전의 반전연극 행오버","코믹,스릴러,미스터리",행오버.png,/content/drive/MyDrive/캡스톤/데이터/연극/연극_포스터/행오버.png
37,［2023 SPAF］ SPAF 연극 패키지,"파이브 아트 센터 〈노셔널 히스토리〉, 극단 골목길 〈이장〉, 데드센터 〈베케트의 방〉 
총 3개 연극 패키지
","액션, 블랙코미디, 역사극",［2023 SPAF］ SPAF 연극 패키지.gif,/content/drive/MyDrive/캡스톤/데이터/연극/연극_포스터/［2023 SPAF］ SPAF 연극 패키지.gif
38,［2023 SPAF］ SPAF 하마티아 3부작 패키지,"구자하/캄포 〈하마티아 3부작: 롤링 앤 롤링〉, 구자하/캄포 〈하마티아 3부작: 쿠쿠〉, 
구자하/캄포 〈하마티아 3부작: 한국 연극의 역사〉 
총 3개 공연 3부작 패키지","액션, 블랙코미디, 역사극",［2023 SPAF］ SPAF 하마티아 3부작 패키지.gif,/content/drive/MyDrive/캡스톤/데이터/연극/연극_포스터/［2023 SPAF］ SPAF 하마티아 3부작 패키지.gif
39,［2023 SPAF］ 거인아트랩 〈인.투〉,"익숙한 장소를 새로운 시선으로 바라보게 하는 관객 참여형 예술 프로젝트. 실시간 퍼포먼스와 AR글래스를 통한 체험이 교차되며 관객은 과거와 현재를 함께 경험한다. 도시의 공간성에 시간의 역사성을 예술적으로 배치하여 우리의 삶을 여기에 비춰본다.
1919년의 '독립'을 통해 2023년의 '독립'을 바라본다.
서울의 삼일대로를 중심으로 진행되는 <In.To>는 관객을 1919년 삼일운동의 현장으로 초대한다. 관객은 1919년의 인물이 되어 도시를 걸으면서 AR글라스를 통해 지시되는 역할을 직접 수행하거나 퍼포먼스를 관람한다.
이 '독립적인 함께 걷기'를 통해, 우리는 오늘날의 독립에 대한 다양한 생각과 관점들을 함께 나눌 수 있을 것이다.","액션,관객참여형,역사극",［2023 SPAF］ 거인아트랩 〈인.투〉.gif,/content/drive/MyDrive/캡스톤/데이터/연극/연극_포스터/［2023 SPAF］ 거인아트랩 〈인.투〉.gif
40,［2023 SPAF］ 구자하/캄포 〈하마티아 3부작: 롤링 앤 롤링〉,"서로 소통이 불가능한 다른 모어의 화자들이 의사소통을 위해 사용하는 제3의 언어를 링구아 프랑카 (Lingua Franca)라 한다.
지구상에는 로마제국의 라틴어, 동북아시아의 한자, 이슬람제국의 아랍어, 근대 유럽의 프랑스어처럼 역사적으로 다양한 링구아 프랑카가 존재하였다.
하지만 오늘날의 링구아 프랑카인 영어는 전례 없이 전 지구적인 패권을 차지하고 있다. <롤링 앤 롤링>은 언어 제국주의와 그에 대한 문화적 침묵에 관한 이야기다. 언어는 생각을 교환하고 세계관 형성을 가능하게 하며, 역사적으로 강력한 지배 수단이자 정치적 병기로 자리해 왔다. 따라서 정치권력에서 배제된 언어는 발화가 불가능한 목소리로 귀결되고, 문화적 침묵 속에서 소멸의 위기를 맞게 된다. 작가 구자하는 영상, 음악, 퍼포먼스 등 다양한 매체를 다루며 한국 사회에서 나타나는 영어의
패권주의에 대해 조명한다. ","역사극, 블랙코미디",［2023 SPAF］ 구자하 캄포 〈하마티아 3부작: 롤링 앤 롤링〉.gif,/content/drive/MyDrive/캡스톤/데이터/연극/연극_포스터/［2023 SPAF］ 구자하캄포 〈하마티아 3부작 롤링 앤 롤링〉.gif
41,［2023 SPAF］ 구자하/캄포 〈하마티아 3부작: 쿠쿠〉,"1997년 아시아 금융위기가 우리 사회에 남긴 상흔은 이십여 년이 지난 현재에도 여전히 짙게 남아있다. 청년 실업이나 양극화현상 같은 구조적인 문제는 개인의 무능력으로 치부되고, 사회 질서로부터 밀려난 이들은 각박해진 '압력 사회 속에서 고립될 뿐이다.
<쿠쿠>는 박탈된 경제적 주권과 배제된 사회적 구성원에 관한 이야기다. 작가구자하는 압력밥솥을 해킹하여 로보틱-퍼포머로 만들고 그들과 함께 무대에 오른다. 해킹된 밥솥들과의 대화를 통해, 아시아 금융 위기와 관련한 정치적 사건, 경제 위기 그리고 행복과 죽음에 대해 성찰하며 한국의 지난 이십여 년의 역사를 돌아본다. <쿠쿠>는 하마티아3부작의 두 번째 작품이며, 2017년 오스트리아 슈타이리셔 헤르프스트 페스티벌 (Steirischer Herbst, Graz)에서 국제 초연되었다.","역사극, 블랙코미디",［2023 SPAF］ 구자하 캄포 〈하마티아 3부작: 쿠쿠〉.gif,/content/drive/MyDrive/캡스톤/데이터/연극/연극_포스터/［2023 SPAF］ 구자하캄포 〈하마티아 3부작 쿠쿠〉.gif
42,［2023 SPAF］ 구자하/캄포 〈하마티아 3부작: 한국 연극의 역사〉,"2008년 3월, 서울 대학로에서 한국 연극 100주년 기념식이 열린다.
한국연극협회와 정부 주도로 기획된 이 행사에는 문체부 장관과 서울 시장은 물론 연극계 인사들이 대거 참석한다. 당시 학생이었던 구자하는 100주년 행사를 바라보며 한가지 의구심을 갖는다. '어떻게 연극의 역사가 100년에 불과할 수 있을까? 한국 연극계가 자축하는 역사적 기원에는 전통과 민속이 결여되어 있음을 깨닫는 순간이었다.
<한국 연극의 역사>는 타율적 근대화와 문화적 폐허에 관한 이야기다. 서구적 규범에 의해 정립된 한국 연극의 문화적 정체성에 대해 성찰하며, 백여년간굳건하게 고착된 연극적 관습에 균열을 낼 방법에 대해 고민한다. 작가의 유년시절과 할머니에 대한 이야기, 학창시절의 일화 등을 상기하며, 한국 연극의 구악(舊惡)을 극복할 수 있는 지혜에 대해 모색한다. ",역사극,［2023 SPAF］ 구자하 캄포 〈하마티아 3부작: 한국 연극의 역사〉.gif,/content/drive/MyDrive/캡스톤/데이터/연극/연극_포스터/［2023 SPAF］ 구자하캄포 〈하마티아 3부작 한국 연극의 역사〉.gif
43,［2023 SPAF］ 극단 골목길 〈이장〉,"자식들이 다 떠난 어느 집 어머니는 홀로 사십니다
어느 날, 죽은 남편의 동생이 찾아옵니다
남편의 무덤에 물이 차올랐답니다 며칠 후에, 이장을 해야 한답니다 속이 많이 상합니다
그래도 몸을 추려 어머니는 남편과 보낸 지난 세월을 생각해 봅니다 집을 떠난 자식들도 생각해 봅니다 생각은 아련합니다. 정신은 강건하지만, 몸은 말을 듣지 않습니다 이장을 하는 날이 돌아왔네요
떠났던 자식들도 다 집으로 찾아왔습니다 이제 산소로 가는 일만 남았습니다 사람들이 아버지의 시대를 애도합니다 집 밖에서는 새들이 노래합니다 이제 준비가 모두 끝났으니 아버지를 새 묘소로 이장해야겠지요","역사극, 감동, 블랙코미디",［2023 SPAF］ 극단 골목길 〈이장〉.gif,/content/drive/MyDrive/캡스톤/데이터/연극/연극_포스터/［2023 SPAF］ 극단 골목길 〈이장〉.gif
44,［2023 SPAF］ 극단 돌파구 〈지상의 여자들〉,"이 곳은 구주이다. 서울에서 세-네 시간 버스를 타고 내려 가야하는 도시이다. 이곳에 성연이 형근과 함께 신혼집을 꾸려 살고 있다. 성연은 작은 학원에서 강사로 일하고 있다. 미디어아티스트인 형근은 서울에 전시가 잡혀 한 달 정도 성연을 떠나있게 된다. 성연이 형근을 배웅하고 온다. 그날, 성묘를 하던 중 필리핀 여자의 남편이 느닷없이 사라졌다. 하얀색 빛으로 서서히 뒤덮이더니 갑자기 온데간데없이 사라졌다. 구주에 남자가 갑자기 사라지는 일들은 계속 일어났다. 구주에 괴담이 퍼지기 시작한다. 남자들이 갑자기 사라지는 것의 원인이 환경오염이라는 진술이 있었다. 외계 물질의 영향이라는 말도 있었다. 구주의 실종사건은 공중파 뉴스에 이런 저런 가설들, 확인되지 않은 연구들과 함께 나오기 시작했다. 실종자들을 찾으려는 다양한 수사는 별 성과가 없고, 많은 여자들이 폭력을 일삼던 노년 남성들의 실종을 통쾌해하기 시작했다. 그러는 동안 실종자들은 괴담과 가설과 함께 점점 늘어간다.","블랙코미디, 판타지",［2023 SPAF］ 극단 돌파구 〈지상의 여자들〉.gif,/content/drive/MyDrive/캡스톤/데이터/연극/연극_포스터/［2023 SPAF］ 극단 돌파구 〈지상의 여자들〉.gif
45,［2023 SPAF］ 데드센터 〈베케트의 방〉,"예술과 저항'의 이야기. 헤드폰을 통해 공연을 듣는 관객들은 부재의 광경을 바라본다. 무대 위 육체의 부재로 우리는 그들의 이야기, 그리고 우리 주변에서 변화하고 있고 우리에 의해 변화된 세계에 더욱 집중하게 된다. 제2차 세계대전 당시 작가 사무엘 베케트가 파트너 수잔과 함께 살았던 아파트는, 데드센터의 <베케트의 방>의 배경이 되었다. 배우와 인물은 무대에 없고 관객은 목소리와 존재하는 물체의 ""기적적인 움직임을 통해 이야기를 따라간다. 프랑스 레지스탕스에서 두 인물이 맡은 역할뿐만 아니라 전쟁의 영향을 받은 유럽의 모든 익명의 삶을 다루는 연극이다.","역사극, 관개참여형",［2023 SPAF］ 데드센터 〈베케트의 방〉.gif,/content/drive/MyDrive/캡스톤/데이터/연극/연극_포스터/［2023 SPAF］ 데드센터 〈베케트의 방〉.gif
46,［2023 SPAF］ 연극연습 프로젝트 〈연극연습3. 극작 연습-물고기로 죽기〉,"나'는 남자의 몸으로 태어나 불합리하고 차별로 가득 찬 성장 과정을 거치며 자신의 몸에 대한 위화감을 깨닫는다. 그리고 여자의 몸으로 트랜지션 하여 마침내 몸으로부터 자유를 얻은 '나'는 자신의 이야기를 시작으로 글을 쓰는 작가로서 남은 생을 보낸다. 그리고, 사람 세상에 물고기로 살다간 '나'는 이제 세상을 떠나기 전, 세상을 향해 마지막 글을 남긴다.",판타지,［2023 SPAF］ 연극연습 프로젝트 〈연극연습3. 극작 연습-물고기로 죽기〉.gif,/content/drive/MyDrive/캡스톤/데이터/연극/연극_포스터/［2023 SPAF］ 연극연습 프로젝트 〈연극연습3. 극작 연습-물고기로 죽기〉.gif
47,"［2023 SPAF］ 작당모의 〈싸움의 기술, 〈졸〉_2.0〉","아닌 밤중에 홍두깨요, 자다 봉창 두들기는, 바람결에 떠돌던 이야기를 깁는 골방의 이빨 빠진 할망구이고자 한다. 일상에 머물던 사소한 씨앗들이 느닷없이 부딪혀 엉뚱한 우주를 여는 모습이 경이롭다. 이는 낮은 곳에서 영웅을 찾아내며, 후미진 골목에서 보물을 캐는 일과 같다.  미천한 이야기들이 초능력으로 확장되는 여정은 얼마나 짜릿하고 낭만적인가. 물정 모르고 무모한 벗들이 작당하고 모의하기에 가능하다.",드라마,"［2023 SPAF］ 작당모의 〈싸움의 기술, 〈졸〉_2.0〉.gif","/content/drive/MyDrive/캡스톤/데이터/연극/연극_포스터/［2023 SPAF］ 작당모의 〈싸움의 기술, 〈졸〉_2.0〉.gif"
48,［2023 SPAF］ 지연X전환 〈에너지_보이지 않는 언어〉,"기후위기를 자신의 언어로 만들 수 있을까?
김지연, 전윤환은 언어의 부재와 왜곡이 기후위기 시대의 상상력의 부재를 만들고 있는 것은 아닌가 하는 질문을 던지며, 예술가의 언어로 동시대 보이지 않는 위기를 가시화하려는 시도를 한다. 본 작품에는 기후 재판 투쟁 당사자와 기후위기 피해 당사자의 말과 에너지 개념을 재 정의하기 위한 단어들이 무대 위에 씨앗으로 흩뿌려져 있다. 관객은 창작자와 단어를 연결하고, 단어 속의 이면을 찾고, 문장을 조합해 가며 미래를 적극적으로 상상하고 해석하며 전환 사회를 향한 방향과 과제를 함께 모색해 본다.","블랙코미디, 관객참여형",［2023 SPAF］ 지연X전환 〈에너지_보이지 않는 언어〉.gif,/content/drive/MyDrive/캡스톤/데이터/연극/연극_포스터/［2023 SPAF］ 지연X전환 〈에너지_보이지 않는 언어〉.gif
49,［2023 SPAF］ 파이브 아트 센터 〈노셔널 히스토리〉,"1957년, 영국으로부터의 독립 이후 ‘바리산 내셔널’ 정당의 61년의 장기 집권과 14번의 총선 끝에, 2018년, 말레이시아 국민들은 마침내 정권 교체를 이뤄낼 수 있었다. 2008년, 말레이 비상사태의 60주년이 되던 해에, 미완의 혁명을 다루고자 했던 한 다큐멘터리 작업이 완성되지 못한 채로 남겨졌다.
2020년, 새로운 정부가 발간한 개정된 근현대사 교과서에는 새로운 문장과 인물들이 추가되었고, 기존의 여러 요소들이 삭제 및 배제되고 ‘역사적 사실의 사각지대’가 생성되는 등 상당 수의 부분이 수정되었다. <노셔널 히스토리>는 미완의 다큐멘터리 촬영본 일부를 다시 무대로 불러내고 이는 ‘새로운’ 역사 교과서와 마찰을 빚으며, 연기자의 삶과도 직접 충돌하게 된다. 개인적인 것과 국가적인 것, 그리고 개념적인 것이 교차하는 가운데 ‘#새로운말레이시아(#MalaysiaBaru)’의 ‘역사적 가능성’들을 탐색한다.",역사극,［2023 SPAF］ 파이브 아트 센터 〈노셔널 히스토리〉.gif,/content/drive/MyDrive/캡스톤/데이터/연극/연극_포스터/［2023 SPAF］ 파이브 아트 센터 〈노셔널 히스토리〉.gif
50,［2023_셀러브리티 명품 로코］연극 이프온리 크리스마스특별 공연 – 대학로,"10년간의 연애끝에 결혼을 약속한 수진과 재운
결혼준비 중 사소한 일로 다툰 뒤 헤어지게 되고...
만나지 못하는 재운을 기다리던 수진은  점쟁이의 도움으로 단 3일, 하루의 1시간씩만 재운을 만나게 되는데...
하.지.만 수진을 기억하지 못하는 재운!! 수진은 사랑하는 재운의 기억을 돌리기 위해 점쟁이와 함께 노력하지만 웃픈 상황만 펼쳐지게 된다.
만약 당신에게 3일간 하루 1시간씩만 주어진다면,
사랑하는 사람에게 무엇을 해주고 싶은가요?","로맨스, 코미디, 판타지",［2023_셀러브리티 명품 로코］연극 이프온리 크리스마스특별 공연 - 대학로.png,/content/drive/MyDrive/캡스톤/데이터/연극/연극_포스터/［2023_셀러브리티 명품 로코］연극 이프온리 크리스마스특별 공연 - 대학로.png
51,［2023’셀러브리티 로코연극］러브액츄얼리 첫번째사연_크리스마스 특별공연 - 부산,"10년간의 연애끝에 결혼을 약속한 수진과 재운
결혼준비 중 사소한 일로 다툰 뒤 헤어지게 되고...
만나지 못하는 재운을 기다리던 수진은  점쟁이의 도움으로 단 3일, 하루의 1시간씩만 재운을 만나게 되는데...
하.지.만 수진을 기억하지 못하는 재운!! 수진은 사랑하는 재운의 기억을 돌리기 위해 점쟁이와 함께 노력하지만 웃픈 상황만 펼쳐지게 된다.
만약 당신에게 3일간 하루 1시간씩만 주어진다면,
사랑하는 사람에게 무엇을 해주고 싶은가요?","로맨스,코미디",［2023’셀러브리티 로코연극］러브액츄얼리 첫번째사연_크리스마스 특별공연 - 부산.gif,/content/drive/MyDrive/캡스톤/데이터/연극/연극_포스터/［2023’셀러브리티 로코연극］러브액츄얼리 첫번째사연_크리스마스 특별공연 - 부산.gif
52,［서울 대학로］연극 라면,"수학공식처럼 복잡한 사랑에 대해 유쾌하고 코믹하게 풀어보는 90분의 시간
때는 90년대 !! 고등학교때부터 만나온 만수와 은실
만수는 잘다니던 직장을 그만두고 라면집을 차리겠다고한다. 은실은 철없는 만수에게 화내며 헤어지자고한다.
풋풋하고 생각만해도 떨리는 행복했던 연애 초기는 어디로 가버린걸까? 라면 끓일 때 스프부터 넣어? 면부터 넣어? 남자는 어떻게 그래? 여자는 어떻게 그래?
입장차이가 좁혀지지않는 남자와 여자 오랜시간 만나온 그들의 끝은?
","로맨스, 코미디, 감동",［서울 대학로］연극 라면.png,/content/drive/MyDrive/캡스톤/데이터/연극/연극_포스터/［서울 대학로］연극 라면.png
53,［연극 on stage］ 99% - 화성,"2008년 세계적인 경제공황의 여파로 위기에 봉착한 한 중견 광고회사는 조직 리모델링을 위해 미국파 제작고문 '스티브 킴'을 긴급 스카우트 한다.
주인공인 카피라이터 '최대리'는 동갑내기 스티브 킴과 첫 인사를 나누는 순간 강렬한 기시감을 느낀다. 고교시절 자신에게 전교 1등을 빼앗긴 김태만이 떠오른 것이다. 하지만 둘은 닮은 구석이 하나도 없다. 스티브 킴은 출근 첫날부터 회의에 참석해 교묘한 방법으로 최대리의 아이디어를 훔쳐 자신의 것으로 만든다. 수려한 외모, 번지르르한 말솜씨로 회사를 빠르게 장악해 나간다. 그러나 그 과정에서 드러나는 증거는 스티브킴이 김태만임을 가리키고 있다. 최대리의 의혹은 깊어만 가는데...","스릴러, 드라마, 미스터리",［연극 on stage］ 99% - 화성.gif,/content/drive/MyDrive/캡스톤/데이터/연극/연극_포스터/［연극 on stage］ 99% - 화성.gif
54,［연극 on stage］ 띨뿌리 - 화성,"2008년 세계적인 경제공황의 여파로 위기에 봉착한 한 중견 광고회사는 조직 리모델링을 위해 미국파 제작고문 '스티브 킴'을 긴급 스카우트 한다.
주인공인 카피라이터 '최대리'는 동갑내기 스티브 킴과 첫 인사를 나누는 순간 강렬한 기시감을 느낀다. 고교시절 자신에게 전교 1등을 빼앗긴 김태만이 떠오른 것이다. 하지만 둘은 닮은 구석이 하나도 없다. 스티브 킴은 출근 첫날부터 회의에 참석해 교묘한 방법으로 최대리의 아이디어를 훔쳐 자신의 것으로 만든다. 수려한 외모, 번지르르한 말솜씨로 회사를 빠르게 장악해 나간다. 그러나 그 과정에서 드러나는 증거는 스티브킴이 김태만임을 가리키고 있다. 최대리의 의혹은 깊어만 가는데...","역사극, 미스터리, 사회극",［연극 on stage］ 띨뿌리 - 화성.gif,/content/drive/MyDrive/캡스톤/데이터/연극/연극_포스터/［연극 on stage］ 띨뿌리 - 화성.gif
55,［연애하기 좋은 날  당근거래］ - 전주,"사귄지 1년 된 지후와 시연은 ""솔로지옥"" 에서 즐겁게 데이트하다 서로에게 상처가 되는 말들로 싸운 후 자연스럽게 멀어진다. 그날 이후, 연락도 없던 둘은 우연히 재회한다. ""혹시... 당근?""
하필 지후에게 선물 받은 가방을 지후가 보는 앞에서 팔게 된 시연 사귀는 듯, 헤어진 듯한 지후와 시연 앞에 ""나는 SOLO"" 를 탈출하기 위한 썸녀 은별과 남사친 현우가 ""하트 시그널""을 보낸다. 지후와 시연은 ""환승 연애"" 할까?","로맨스, 코미디",［연애하기 좋은 날  당근거래］ - 전주.gif,/content/drive/MyDrive/캡스톤/데이터/연극/연극_포스터/［연애하기 좋은 날  당근거래］ - 전주.gif
56,［장애인 선예매］ 러브 앤 인포메이션,"DAC Artist 진해정은 연극을 통해 사회 중심부에서 밀려나 주변부에서 스스로의 목소리를 잃은 채 살아가고 있는 이들을 주목해온 창작자다. 입양인, 여성, 퀴어 등 사회적 소수자들의 삶을 들여다보는 작업을 해왔다.
<러브 앤 인포메이션>은 영국의 극작가 카릴 처칠(Caryl Churchill)이 2012년도 발표한 작품이다. 작품은 7개의 섹션 안에 2-5분가량의 짧은 76개의 장면들과 100명이 넘는 인물들로 구성되어 있다. 작가는 젠더와 나이를 특정하지 않은 인물, 발화인이 지정되지 않은 대사, 시공간이 지정되지 않은 장면 등을 기반하여 동시대와 사랑·과학·언어에 대한 사유를 일상적 언어로 풀어내고 통제할 수 없을 정도로 범람하는 정보들과 그 세계 내부를 표류하고 있는 인간의 풍경들을 여러 순간들로 포착한다. 진해정은 정보사회에 존재하는 다양한 사태와 징후를 담은 퍼즐 같은 텍스트를 연출하며, 동시대 인간의 인식 변화와 관계에 대해 질문한다.
",블랙코미디,［장애인 선예매］ 러브 앤 인포메이션.gif,/content/drive/MyDrive/캡스톤/데이터/연극/연극_포스터/［장애인 선예매］ 러브 앤 인포메이션.gif
57,대학로 청소년연극 〈사춘기메들리〉,"전근이 잦은 아버지의 직장 때문에 친구도 없이 전학을
다녀야했던 정우는 한적한 시골 마을에 전학을 오게 된다.
정우는 다시 전학을 가게 될 것이라는 사실을 알게 된 후
관심 없던 아영에게 고백을 하고 덕원을 괴롭히던 일진에게도 결투를 신청한다
집으로 돌아온 정우는 전학을 취소했다는 청천벽력 같은 소식을 듣는데......
앞으로 정우의 학교생활은 어떻게 될까??","드라마, 코믹",대학로 청소년연극 〈사춘기메들리〉.gif,/content/drive/MyDrive/캡스톤/데이터/연극/연극_포스터/대학로 청소년연극 〈사춘기메들리〉.gif
58,로맨틱코미디 〈슬기로운 신혼생활〉,"""공주님과 왕자님은 오래오래 행복하게 살았답니다"" 정말 행복하게'만' 살았을까?
알콩달콩 연애가 몸풀기였다면, 이제부터 본게임이다! 불같은 연애 끝에 결혼에 골인한 준모와 예나, 예식장에 들어가기 전까지는 아무것도 몰랐다. 너랑 내가 이렇게 다르게 살아왔을줄이야! 변기커버는 당당하게 오픈해두는 왕자님과 배수구 머리카락은 요정이 치워주는 줄 아는 공주님의 가사분담, 사회생활, 시댁과 처가 사이, 2세 계획까지...! 테트리스처럼 서로 맞춰가야 할 블럭은 산더민데, 해결하는 것보다 쌓이는게 점점 많아져간다.
우리, 슬기롭게 잘 헤쳐 나갈 수 있을까?","로맨스, 공감/힐링",로맨틱코미디 〈슬기로운 신혼생활〉.gif,/content/drive/MyDrive/캡스톤/데이터/연극/연극_포스터/로맨틱코미디 〈슬기로운 신혼생활〉.gif
59,공포스릴러연극〈두여자〉- 대구,"소소한 행복감을 느끼며 살아가는 수리네 가족, 모여 앉아 뉴스를 보고 있다. 청주 정신병원 방화사건으로 환자 대부분이 사망했고
이 사건의 유력한 방화 용의자인 '주명선'이라는 환자 역시 불에 타 숨졌다는 내용의 뉴스가 흘러나온다.
뉴스 내용에 왠지 불안해하는 엄마, 그런 엄마를 이상하게 생각하지만 별 대수롭지 않게 넘기는 아빠. 다음 날 아침, 출근과 등교준비로 바쁜 와중에 경찰이 찾아온다. 방화 용의자와 쌍둥이 임을 지금껏 숨기고 살아온 엄마는 경찰을 막무가내로 내보내려 한다. 그렇게 잠깐의 실랑이 후에 모든 사실을 알게 된 아빠, 엄마에게 쌍둥이 언니가 있었다는 사실을 모르고 있던 아빠는 혼란에 빠진다.
그렇게 경찰을 돌려보내고 언니가 정신병원에 간 이유와 자신이 그동안 숨길 수밖에 없었던 상황에 대해 설명하는 엄마. 자신에게 이야기할 수 없었던 힘겨운 상황에 대해들은 아빠는 그런 엄마를 이해하고 회사로 출근한다. 그렇게 텅 빈 집안, 죽었다고 생각했던 언니가 엄마를 찾아오는데.......","공포, 스릴러, 코믹",공포스릴러연극〈두여자〉- 대구.png,/content/drive/MyDrive/캡스톤/데이터/연극/연극_포스터/공포스릴러연극〈두여자〉- 대구.png
60,모든 날 모든 순간,"원철과 보영은 친구처럼 편하고 알콩달콩 지내는 평범한 결혼 6년차 부부다.
이 부부의 고민은 아직 사랑스러운 아이가 없다는 점인데 그래서 그들은 독실한 기독교 신자도 믿는다는 용한 삼신할머니에게 점괘도 보고 매번 노력하지만 결과는 늘 실패다. 그러던 어느 날...","감동, 코믹",모든 날 모든 순간.gif,/content/drive/MyDrive/캡스톤/데이터/연극/연극_포스터/모든 날 모든 순간.gif
61,나의 장례식에 와줘,"충남 서산의 어촌마을. 엄마의 기일을 맞아 최씨 집안 막내딸 '최선'은 몇 년 만에 고향을 방문한다.
긴장된 마음으로 고향 집에 들어서는 '최선'. 하지만 고향 집을 지키는 작은오빠 '최정준'은 왠지 여동생의 방문이 달갑지 않고, 되려 '최선'을 고향 집에서 내쫓으려 애쓴다. 황소 같은 '최정준'에 대항해 '최선'을 사수하려 합심한 주변 사람들의 도움으로 고향 집에 머물게 된 '최선'. 그녀는 세월의 흔적을 되짚어보며 엄마의 기일을 준비한다. 지랄맞은 막내딸 '최선'의 방문으로 인해 고향 마을에는 생기가 도는데,왠지 작은 오빠 '최정준'의 고심은 점점 깊어져 간다.",감동,나의 장례식에 와줘.gif,/content/drive/MyDrive/캡스톤/데이터/연극/연극_포스터/나의 장례식에 와줘.gif
62,3대가 웃고 우는 연극 〈염쟁이 유씨〉,"주인공 유씨는 대대로 염을 하던 집안이다. 직업에 귀천이 있다하나 가업으로 해왔고, 자식에게 물려주고 싶지 않았다.
일터로 찾아온 관객들에게 자신의 인생에 대한 이런 저런 이야기를 통해 삶에 대한 생각, 그리고 세상에 관한 이야기를 나눈다.
우리가 잊을 수 없는 성수대교 붕괴, 골리앗 타워 농성, 유람선 침몰 등 가슴 아프고 안타까운 슬픈 이야기들. 때로는 즐거운 기억들.누구나 태어나 피하지 못하는 것이 죽음일진데, 이런저런 이야기를 통해 다양한 삶을 보여준다. 한편 또 다른 장의사는 철저한 자본주의 방식이다. 시대의 변화에 따라 상주도 대신해주고, 심지어 하객도 대신해준다. 어떤 것이 옳은지 관객이 판단할 몫이다. 가업을 자식에게 물려주고 싶지 않았던 유씨는 아들이 원함에도 불구하고 다른 직업을 찾아보라 외지로 보낸다. 잘 사는지 시간이 흘러도 돌아오지 않는 아들. 관객과 함께하는 염이 유씨에게는 마지막 염이다. 한올, 한올, 정성을 다하는 유씨. 이별의 준비를 마친 유씨는 북바치는 슬픔에 힘들어한다.
무엇이 그렇게 힘들게 할까? 수많은 죽은 이들을 돌봐온 유씨의 한 마디. ""사람은 누구나 한 번은 죽어.
근디 땅에만 묻혀버리고 살아남은 사람 가슴에 묻히지 못하면, 그게 진짜 죽는게......""","감동, 공감/힐링",3대가 웃고 우는 연극 〈염쟁이 유씨〉.png,/content/drive/MyDrive/캡스톤/데이터/연극/연극_포스터/3대가 웃고 우는 연극 〈염쟁이 유씨〉.png
63,그곳에 있었다,"가까운 미래. 인간의 기억속으로 들어가는 것이 가능해진 현실.
그러던 어느날... 억울한 사고로 인해 부모님을 잃은 현태가
사건의 범인을 밝혀내고자 기억으로 들어가는 장치의 개발자 태준을 찾아간다.
그날의 기억, 숨겨진 진실. 어디서 본 듯 한 또 다른 여자, 해솔...
과연 세사람은 무사히 기억속에서 빠져 나올수 있을까?","판타지, 스릴",그곳에 있었다.png,/content/drive/MyDrive/캡스톤/데이터/연극/연극_포스터/그곳에 있었다.png
64,"2023 〈스웨그에이지 : 외쳐, 조선〉 - 인천","시조'가 국가이념인 상상 속의 '조선'
삶의 고단함과 역경을 시조 속에 담아 훌훌 털어버렸던 백성들은 역모 사건으로 시조 활동이 금지되면서 자유도 행복도 잊은 채 살아간다. 그러던 중 15년 만에 누구나 참여할 수 있는 조선시조자랑이 열리게 되고, 탈 속에 정체를 감추고 양반들의 악행을 파헤쳐 행복한 세상을 만들고자 조직된 비밀시조단 골빈당은 이것을 기회 삼아 조선에 새로운 바람을 불러일으키고자 한다.
한편, 왕의 비선실세이자 시조대판서인 홍국은 자신에 대한 악덕한 소문을 퍼트리고 다닌다는 이유를 들어 골빈당을 잡으려는 음모를 꾸미는데...","역사극, 판타지","2023 〈스웨그에이지 : 외쳐, 조선〉 - 인천.gif","/content/drive/MyDrive/캡스톤/데이터/포스터/2023 〈스웨그에이지 : 외쳐, 조선〉 - 인천.gif"
65,2023 창작뮤지컬어워드 NEXT,"헌책방을 운영하는 에이미는 여느 날과 다름없이 책들에게 인사를 건네며 하루를 시작한다. 종소리에 문 앞을 보니 놓여있는 작은 상자.
""에이미에게 이 책을 손에 넣게 된다면 레도르 복원실에 맡겨. 그리고 이 책을 꼭 복원시켜야 해.""
레도르 복원실을 찾아간 에이미, 고서복원가리키는 에이미를 보고 혼란에 빠진다.
한편, 아들을 잃은 슬픔에서 헤어나오지 못한 크레토는 책에 새로운 구절이 적혀있자 놀라며 책을 찢어 버리는데...
국민여신으로 불렸던 배우 엠마의 닮은 꼴로 그녀의 아역 자리를 도맡았으나 엠마의 사망 이후 제대로 된 배역을 맡지 못하는 배우 현채. 매번 PD들에게 기획안을 빼앗겨 온 드라마 작가 지망생 은호, 두 사람은 실낱같은 마지막 희망을 품고 방송국으로 향하지만 늘 그렇듯 현재는 엠마의 그늘에 가려진 의미 없는 오디션을 마주하고 은호는 빼앗긴 자리를 찾아오지 못한다. 그렇게 자신의 인생이 끝났다고 생각하는 순간, 현채는 자신이 오디션을 본 작품의 진짜 작가가 은호라는 것을 알게 된다. 그리고 그에게 죽이고 싶은 상대를 서로가 대신 죽여주기로 하는, 이른바 '교환 살인'이라는 무모한 계획을 제안하게 된다. 불확실한 희망에 미래를 베팅하는 현채와 은호 과연 두 사람의 계획은 성공할 수 있을까?
1969년 7월 20일, 닐 암스트롱과 버즈 올드린이 달에 착륙하고 온 세계가 그들을 지켜볼 때, 달의 뒤편으로 간 우주비행사가 있었다. 달까지 갔음에도 발자국을 남기지 못하고, 사령선에 홀로 남았던 마이클 콜린스 그가 임종 직전, 삶과 죽음 중 어느 영역에 속하는지 불분명한 '그레이존'에서 자신의 달과 사랑을 되돌아본다.",드라마,2023 창작뮤지컬어워드 NEXT.gif,/content/drive/MyDrive/캡스톤/데이터/포스터/2023 창작뮤지컬어워드 NEXT.gif
66,2023 최현우 Answer - 성남,"마술사로 걸어온 27년
2,700여회 공연, 200만 명 관객 돌파
세계가 인정한 대한민국 No.1 마술사 최현우 27주년 기념공연
클로즈업매직, 일루전 매직, 멘탈 매직 등
Best of Best 마술이 120분간 펼쳐진다!
올 여름, 감동 그 이상의 블록버스터급 쇼
최현우마술공연 역대급 초대형 스케일, 그랜드 일루전 마술
국내 첫 공개되는 마술부터 관객이 열광했던 최고의 마술을 모두 만난다!
올 여름, 가족과 연인 모두에게 잊지 못할 순간이 될 것입니다.
의심할 순간조차 없다! 마술의 과거,현재,미래를 한자리에!
매번 새로운 시도로 마술의 패러다임을 이끈 최현우의 New Magic 멘탈매직 <더 브레인>, <아판타시아>, 매직컬 <더 셜록:Gravity 503>
세계적 실력을 인정받은 마술사 최현우의 매직쇼, 그완성판!
월드 매지션 최현우의 새로운 매직쇼
세계 마술 대회 수상!
최연소 심사위원 역임
매회 관객의 폭발적 반응! 2,700여회 공연 돌파
세계적 실력을 인정받은 마술사 최현우의 역대급 공연을 만난다!","마술, 판타지",2023 최현우 Answer - 성남.png,/content/drive/MyDrive/캡스톤/데이터/포스터/2023 최현우 Answer - 성남.png
67,2023송승환의 오리지널 난타(대전),"세 명의 요리사가 하루 일과를 시작한다. 즐겁게 요리를 준비하는 동안 지배인의 깜짝 등장! 잡채, 인절미, 크림케이크 등등등! 다짜고짜 요리 목록을 읊으며 예정에 없던 결혼식 파티를 준비하라는 깜짝 명령! 설상가상 낙하산 주방장인 매니저의 조카는 잠시도 눈을 뗄 수 없는 천방지축 사고뭉치였던 것!
주어진 시간은 오직 한 시간! 과연 이 사총사가 모여 완벽한 결혼 파티를 준비 할 수 있을까? 볼수록 추천하고 싶어지는 단 하나의 두드림!
당신을 위한 파티는 지금 다시 시작한다!","코믹, 액션",2023송승환의 오리지널 난타(대전).png,/content/drive/MyDrive/캡스톤/데이터/포스터/2023송승환의 오리지널 난타(대전).png
68,2023 매직쇼〈최현우의 미스틱커스〉 - 평택,"Mysticus: 신비의, 신비적, 오묘한
공연의 제목인 'Mysticus'는 라틴어로 '신비적'이라는 뜻으로 신기함을 넘어서 신비하기까지한 세계적인 마술사 최현우의 매직쇼!
눈 앞에 펼쳐지는 화려한 마술들의 현장감과 색다른 분위기의 다양한 마술들로 생동감을 더하여 'Mysticus'한 순간들을 선사합니다.","마술, 판타지",2023 매직쇼〈최현우의 미스틱커스〉 - 평택.gif,/content/drive/MyDrive/캡스톤/데이터/포스터/2023 매직쇼〈최현우의 미스틱커스〉 - 평택.gif
69,국립창극단 〈패왕별희〉,"초연의 전율과 감동 그대로, 그림처럼 펼쳐지는 불멸의 대서사시
창극 <패왕별희>는 동명 경극을 바탕으로 중국 춘추전국시대의 초한전쟁, 초패왕 항우와 한황제 유방의 대립 그리고 항우와 우희의 절절한 사랑이야기를 담고 있다. 전통을 몸에 새기면서도 동시대 관객과 끊임없이 소통해온 국립창극단과 대만 최고 배우이자 연출가 우싱궈의 만남만으로 화제를 모았다. 여기에 전천후 소리꾼 이자람이 소리와 음악을 만들고 아카데미 미술상에 빛나는 예진텐이 의상디자이너로 참여하며 화룡점정을 찍었다. 수천 년 전 난세 속 영웅들의 삶과 죽음, 배신과 음모, 사랑과 회한을 담은 대서사시가 한 폭의 그림처럼 펼쳐지며 가슴 속 깊은 울림을 전할 것이다.","로맨스, 역사극",국립창극단 〈패왕별희〉.png,/content/drive/MyDrive/캡스톤/데이터/포스터/국립창극단 〈패왕별희〉.png
70,난타(NANTA) - 명동공연,"세 명의 요리사가 하루 일과를 시작한다. 즐겁게 요리를 준비하는 동안 지배인의 깜짝 등장! 잡채, 인절미, 크림케이크 등등등! 다짜고짜 요리 목록을 읊으며 예정에 없던 결혼식 파티를 준비하라는 깜짝 명령! 설상가상 낙하산 주방장인 매니저의 조카는 잠시도 눈을 뗄 수 없는 천방지축 사고뭉치였던 것!
주어진 시간은 오직 한 시간! 과연 이 사총사가 모여 완벽한 결혼 파티를 준비 할 수 있을까? 볼수록 추천하고 싶어지는 단 하나의 두드림!
당신을 위한 파티는 지금 다시 시작한다!","코믹, 액션",난타(NANTA) - 명동공연.png,/content/drive/MyDrive/캡스톤/데이터/포스터/난타(NANTA) - 명동공연.png
71,넌버벌 코미디 〈옹알스〉,"보지 못하는 이에게 듣는 즐거움을, 듣지 못하는 이에게 보는 즐거움을!
개그맨 동료들과의 봉사활동 중 다문화 가족, 장애인들은 언어의 벽 때문에
다양한 문화 체험 기회가 적고, 통역 없이 공연물등을 깊이 있게 감상하기 어렵다는 현실을 마주했습니다. 남녀노소를 넘어 장애인과 비장애인이 어깨를 나란히 하고, 즐길 수 있는 무언의 코미디를 만들어보자는 생각으로 시작하였습니다. 2007년 마음이 맞는 코미디언들이 모여 만든 작품으로 시작하여, 옹알스는 세계 각국 2600개 팀이 참가한 에딘버러 페스티벌에서 언어의 장벽을 넘어 별 5개를 받고 돌아왔습니다 최고의 작품으로 마임과 저글링, 비트박스 등 비언어 장치를 통해 관객들에게 웃음을 선사하는 글로벌 넌버벌 코미디 바로 옹알스입니다.","코믹, 액션",넌버벌 코미디 〈옹알스〉.png,/content/drive/MyDrive/캡스톤/데이터/포스터/넌버벌 코미디 〈옹알스〉.png
72,더 맨 얼라이브 〈초이스〉,"지루한 일상을 날려버릴 진짜 남자들의 무대,
쇼 뮤지컬, THE MAN alive CHOICE. 미학(美學)이란 무엇인가?
아름다움에 가치를 두고, 아름다운현상을 탐구하며, 아름다움을 체험한다.
우리가 열광했던 무대에는 항상 아름다움이 존재했다. 그것은 가장 솔직한 인간의 본성이며, 욕구이자, 인류 역사를 함께 해온 가치이다.","코믹, 성인용",더 맨 얼라이브 〈초이스〉.png,/content/drive/MyDrive/캡스톤/데이터/포스터/더 맨 얼라이브 〈초이스〉.png
73,동구문화체육센터 뮤지컬 〈앤 ANNE〉 - 인천,"오늘은 걸판여고 연극반이 공연할 작품 제목을 발표하는 날이다. 저마다 부푼 꿈을 가지고 연습을 준비하는데 선생님은 <빨강머리 앤> 그러니까 100년도 넘은 소설을 공연하자고 하는 게 아닌가! 게다가 '앤' 배역은 돌아가면서?
걸판여고 연극반 여섯 명의 소녀는 연습을 시작한다. 선생님이 왜 '앤'을 선택했는지, 누가 '앤' 역할을 맡을지, 어떻게 '앤'은 100년이 넘도록 사랑받을 수 있는지 고민하면서 과연 캐나다의 '프린스 에드워드 섬', '에이번리'의 초록 지붕집, 빨강머리 주근깨 소녀 '앤'은 누가 될까?","드라마, 감동",동구문화체육센터 뮤지컬 〈앤 ANNE〉 - 인천.gif,/content/drive/MyDrive/캡스톤/데이터/포스터/동구문화체육센터 뮤지컬 〈앤 ANNE〉 - 인천.gif
74,라면에 파송송,"비정규직을 전전하는 한 가정의 가장 다훈, 우연히 보증금 백만원과 월세 십오 만원에 나온 라면가게 전단지를 보고 한걸음에 달려가지만 쉬울 줄 알았던 가게인수는 어렵기만 한데 라면가게 주인 어르신이 이상하다! 정체를 알 수 없는 살벌한 여고생 영아와 밑바닥까지 떨어진 한류스타 강훈을 만나게 되는데 과연 이 라면에 파송송 가게에 무슨 일이 벌어지는 걸까? 다훈의 라면가게 인수 프로젝트는 무사히 성공할 수 있을까?","코미디, 공감/힐링",라면에 파송송.png,/content/drive/MyDrive/캡스톤/데이터/포스터/라면에 파송송.png
75,러스트(RUST) - 전주,"세계적인 부호 알 카포네와의 점심 식사 경매가 시작된다.
많은 신청자들이 몰리고 결국 마지막으로 선택된 주인공은 작은 시골 마을의 전직 의사인 미스터 레인이다. 그는 오히려 점심시간 동안 알 카포네의 이야기 대신 자신의 이야기를 들어달라며 과거 마을에서 일어났던 비극의 사 건에 대해 풀어내기 시작한다. 곧 제약회사 로비스트로 시작해 거부가 된 알 카포네의 추악한 비밀이 하나 둘 밝혀 지고 레인의 이야기는 걷잡을 수 없는 또 다른 사건으로 빠져들게 되는데....!!","미스터리, 드라마, 스릴러",러스트(RUST) - 전주.gif,/content/drive/MyDrive/캡스톤/데이터/포스터/러스트(RUST) - 전주.gif
76,런던레코드,"런던 외곽에 위치한 낡고 오래된 레코드 샵 주인 존은 오늘도 하루를 활기차게 시작해 본다. 하지만 텅 빈 레코드 샵에는 쓸쓸한 음악만 흘러 나오고 손님 구경한지 오래된 앨범들은 먼지만 가득 쌓여있다. 그때 커다란 가방을 들고 성큼 들어온 손님 찰리. 세계 일주를 방금 마치고 왔다는 그의 가방에는 신기한 물건들이 가득하다. 그리고 오디션에 떨어진 스칼렛은 풀이 죽은 채 존의 레코드 샵으로 들어오고 레코드 샵 주인 존이 혜성처럼 등장해 전 세계인의 마음을 감동시키고 전설처럼 사라진 밴드의 리더라는 것을 알게 된다.
공통점 없는 이 세 명의 만남은 음악으로 하나가 되어 가고 서로의 상처를 위로해주며 한 팀이 되어 간다.","드라마, 감동",런던레코드.png,/content/drive/MyDrive/캡스톤/데이터/포스터/런던레코드.png
77,뮤지컬 〈22년 2개월〉,"1919년, 혼란스러운 조선을 떠나 동경으로 가는 배 안.
쫓기던 박열은 도망치던 중 가네코와 부딪히게 되고 서로의 책이 바뀌게 된다. 가네코의 당당함과 매력에 영감을 받은 박열은 시를 써 '조선 청년'에 기고하고, 가네코는 박열의 시에 한눈에 매료된다. 무정부주의를 꿈꾸며 일본 황태자의 암살을 계획하던 박열은 가네코와 함께하는 것이 걸림돌이 될 수 있음을 직감하며 그녀를 떠나려 하지만, 1923년 찾아온 관동대지진의 혼란 속에서 두 사람은 서로에 대한 사랑을 다시 한번 확인한다.
그러나, 일본 정부와 시민 자경단에 의해 박열과 가네코는 구속되고 황태자를 암살하려 했다는 계획이 밝혀지는데...
","로맨스, 역사극",뮤지컬 〈22년 2개월〉.gif,/content/drive/MyDrive/캡스톤/데이터/포스터/뮤지컬 〈22년 2개월〉.gif
78,뮤지컬 〈곤 투모로우〉,"격변의 시대, 혁명가, 암살자, 그리고 조선의 마지막 왕
갑신정변이라는 근대적 개혁운동을 일으켰으나 3일 만에 실패하고
결국 암살당한 김옥균의 이야기를 모티브로 작가적 상상력을 더해 새롭게 재창조! 인물의 심리를 극적으로 표현한 음악과 격변기의 거대한 소용돌이를 표현한 무대 시대의 흐름과 인물의 감정을 극대화하며, 영화를 보는 듯한 미장센의 감각적인 조명과 영상, 절도 있고 감각적인 안무, 탄탄한 드라마와 섬세한 인물표현, 시대와 나라를 초월하는 컨템포러리 형식의 세련된 연출!
사람이 사람 답게 사는 세상, 내가 아니어도 누군가는 일어날 세상을 만들고 그것을 지키는 신념, 시대를  초월한 희망의 메시지와 묵직한 주제의식으로 깊은 울림을 선사하다!",역사극,뮤지컬 〈곤 투모로우〉.gif,/content/drive/MyDrive/캡스톤/데이터/포스터/뮤지컬 〈곤 투모로우〉.gif
79,뮤지컬 더데빌 : 에덴 (Musical THE DEVIL : EDEN),"인간의 머릿속이란 우주보다 거대한 곳에 존재하는 빛과 어둠
절대 끝나지 않는 이들의 대결
진단키트를 개발하여 인류에게 혁신적인 미래를 선사하고픈 에덴 아담스 그러나 거듭되는 실패에 그의 선한 야망도 욕망과 유혹 앞에 흔들리고 그런 에덴에게 X-BLACK은 더 거대한 계획 베리타스 프로젝트를 제안하는데...","판타지, 드라마",뮤지컬 더데빌 : 에덴 (Musical THE DEVIL : EDEN).png,/content/drive/MyDrive/캡스톤/데이터/포스터/뮤지컬 더데빌 : 에덴 (Musical THE DEVIL : EDEN).png
80,뮤지컬 〈구텐버그〉,"중세 독일의 작은 마을 슐리머!
포도즙을 짜던 평범한 남자 '구텐버그'가
인쇄기를 만들어내기까지의 과정을 코믹하게 풀어낸 히스토리컬 픽션!
구텐버그를 사랑하는 헬베티카와 그녀를 이용해 인쇄기를 없애려는 사악한 수도사, 학대받으면서도 변함없이 사악한 수도사를 따르는 젊은 수도사까지! 과연 구텐버그는 사악한 수도사의 방해와 유혹을 떨쳐내고 인쇄기를 지켜낼 수 있을까?!
",역사극,뮤지컬 〈구텐버그〉.gif,/content/drive/MyDrive/캡스톤/데이터/포스터/뮤지컬 〈구텐버그〉.gif
81,뮤지컬 〈그날들〉 10주년 기념 공연 - 대전,"1992년, 청와대 경호실. '그날'은 그렇게 시작되었다. 청와대 경호원이 된 '정학'은 자신과는 다른, '자유분방한 동기 '무영'을 만난다. 신입 경호원 중 최고의 인재로 '하던 '정학'과 '무영'은 라이벌이자 친구로 우정을 쌓아간다. 한중 수교를 앞두고 그들에게 내려진 첫 임무는 신분을 알 수 없는 '그녀를 보호하는 일. 그런데, 갑자기 '그녀'가 사라졌다. '무영도 함께. 2012년, '그날'의 흔적을 발견하게 되었다. 한중 수교 20주년 기념행사가 한창인 청와대. 경호부장이 된 '정학'에게 전해진 다급한 소식. 대통령의 딸 '하나'와 수행 경호원 '대식'이 사라졌다. 마치 20년 전, '그날처럼. 그들의 행방을 쫓는 '정학' 앞에, 사라졌던 '무영'과 '그녀'의 흔적들이 하나둘씩 발견되는데…","역사극, 감동, 드라마",뮤지컬 〈그날들〉 10주년 기념 공연 - 대전.png,/content/drive/MyDrive/캡스톤/데이터/포스터/뮤지컬 〈그날들〉 10주년 기념 공연 - 대전.png
82,뮤지컬 〈김종욱 찾기〉,"김종욱 이름 석자 빼곤 아는 게 없다!
첫사랑 찾기 주식회사 첫 고객의 첫사랑을 찾아야 한다.
과연, 그 여자는 첫사랑 김종욱을 만날 수 있을까?","로맨스, 코믹, 드라마",뮤지컬 〈김종욱 찾기〉.png,/content/drive/MyDrive/캡스톤/데이터/포스터/뮤지컬 〈김종욱 찾기〉.png
83,뮤지컬 〈레미제라블〉 - 부산,"사랑, 용기, 희망에 대한 대서사시
기구한 운명의 청년 장발장이 빵을 훔친 죄로 19년을 감옥에서 지낸 후, 가석방되지만 전과자에 대한 세상의 배척과 멸시에서 벗어나지 못한다.
우연한 기회에 딘뉴 주교의 고귀한 사랑을 경험하게 된 그는 새롭게 인생을 시작하게 되고, 시장으로 출세하게 된다. 어려운 이들에게 자상한 온정을 베풀어 주는 그에게 시민들은 사랑과 존경을 보내기에 이른다.
어느 날, 장발장은 딸의 양육비를 벌기 위해 거리에서 몸을 파는 여인 판틴을 구해 돌보게 되지만 법과 제도를 맹신하는 자베르 경감에게 다시 쫓기는 신세가 되고 만다. 그는 엄마의 죽음으로 세상에 홀로 남겨지게 된 판틴의 딸 코제트를 구해 수도원으로 잠적하고, 10년의 세월이 흐른다.
어느덧 아름다운 숙녀로 성장하게 된 코제트는 마리우스라는 학생 혁명가를 알게 되고 그와 사랑에 빠진다. 혁명에 참여한 마리우스는 죽음의 위기에 놓이게 되고, 장발장에 의해 목숨을 구한다. 그의 숭고한 인간애와 박애 정신은 평생 그를 쫓던 자베르 경감의 마음마저 변화시키기에 이르는데......","역사극, 드라마, 감동",뮤지컬 〈레미제라블〉 - 부산.png,/content/drive/MyDrive/캡스톤/데이터/포스터/뮤지컬 〈레미제라블〉 - 부산.png
84,뮤지컬 〈레베카〉 10주년 기념공연,"불의의 사고로 아내 레베카를 잃고 힘든 나날을 보내고 있는 막심드윈터, 그는 몬테카를로 여행 중 우연히 '나'를 만나 사랑에 빠지게 된다. 행복한 결혼식을 올린 두 사람은 막심의 저택인 맨덜리에서 함께 생활하게 되는데...
맨덜리는 아름다웠지만 음산하고 기묘한 분위기를 풍기는 곳이기도 했다. 마치 죽은 레베카가 살아 숨 쉬고 있는 것처럼 맨덜리의 모든 것은 여전히 레베카에게 깊게 물들어 있고 집사 댄버스 부인은 시종일관 무표정을 유지하며 '나'에게 경계심을 드러낸다.
사랑하는 막심과의 행복한 삶을 꿈꾸던 '나'는 점점 위축되어 가고 오해가 쌓여 막심과의 관계도 위태로워진다. '나'가 자괴감에 빠져 괴로워할 때, 레베카의 보트와 시신이 우연히 발견되면서 상황은 새로운 국면을 맞이하게 되는데...
","스릴러, 미스터리, 로맨스",뮤지컬 〈레베카〉 10주년 기념공연.png,/content/drive/MyDrive/캡스톤/데이터/포스터/뮤지컬 〈레베카〉 10주년 기념공연.png
85,뮤지컬 〈렛미플라이〉,"아폴로 11호가 달을 향해 쏘아 올려진 1969년의 밤.
동네 최고의 수선장이 남원은 편지 한 통을 받으며
불가능할 것만 같았던 패션 디자이너라는 꿈에 한 발짝 다가선다.
사랑하는 정분이와의 멋진 내일을 꿈꾸던 남원은
점점 커지는 달에 놀라 쓰러지고.
 
다시 눈을 뜬 곳은 2020년의 어느 날!
 
당황스럽고 어리둥절한 남원 앞에 
‘영감, 지금은 2020년이고, 우린 70이야!’ 말하는 선희 할머니가 나타난다.
2020년이 낯선 듯 익숙한 남원. 
어떻게든 사랑하는 정분이가 있는 1969년으로 돌아가기 위한 미래 탐사를 시작한다.","역사극, 드라마",뮤지컬 〈렛미플라이〉.png,/content/drive/MyDrive/캡스톤/데이터/포스터/뮤지컬 〈렛미플라이〉.png
86,뮤지컬 〈마리 퀴리〉,"죽음을 앞둔 마리, 딸 이렌에게 세상에 남길 마지막 종이를 건네고, 이렌은 대체 무엇이 마리의 삶을 짓눌렀는지 알고 싶어한다.
1891년, 소르본 대학 입학을 위해 프랑스로 향하던 마리는 기차에서 안느를 만난다. 두 사람은 약소국이었던 폴란드 여성이자 이방인으로서의 삶에 깊이 공감하며 금방 친구가 되어 서로 의지하며 고단한 파리 생활을 견뎌 나간다. 1898년 새로운 원소 라듐을 발견한 마리는 그 공로를 인정받아 남편 피에르와 노벨상을 공동 수상하고, 안느 역시 마리의 소개로 라듐시계 공장에 취직해 꿈꾸던 삶을 영위한다. 더 나아가 마리는 라듐의 의학적 가능성에 주목, 라듐 요법 임상실험을 진행하고, 많은 불치병 환자들을 살리기 위해 힘을 쏟는다. 한편, 안느가 일하는 라듐시계 공장에서 직공들의 알 수 없는 죽음이 계속되고 안느는 특유의 영민함으로 회사가 라듐의 위해성을 은폐하기 위해 부검 기록을 조작했다는 사실을 알아낸다. 이에 안느는 공장 직공들의 알 수 없는 죽음의 진실을 밝히려 공장의 높은 탑 위로 올라간다. 라듐의 빛과 어둠, 두 얼굴을 마주하게 된 마리. 그녀의 선택은 과연 무엇일까?","드라마, 역사극",뮤지컬 〈마리 퀴리〉.gif,/content/drive/MyDrive/캡스톤/데이터/포스터/뮤지컬 〈마리 퀴리〉.gif
87,뮤지컬 〈맘마미아!〉 - 김해,"Touching and Amazing Story
'도나'의 우정과 사랑 딸 '소피'의 자아 찾기 그리고 엄마와 딸의 가슴 먹먹한 이야기 전 세대가 공감하는 재미와 감동!
ABBA's Greatest Hits
'댄싱퀸' '땡큐 포 더 뮤직' '치키티타' '허니허니' 등 제목만 들어도 누구나 알 수 있는 세계적인 팝그룹 아바의 히트곡 22곡!
Beautiful Dream Island
잔잔한 물결이 넘실대는 아름다운 그리스 섬을 옮겨놓은 듯 감각적이고 세련된 무대! 섬세하고 다채로운 빛의 향연!
그리고 아바의 전성기를 연상케 하는 화려한 무대의상!","코믹, 로맨스",뮤지컬 〈맘마미아!〉 - 김해.png,/content/drive/MyDrive/캡스톤/데이터/포스터/뮤지컬 〈맘마미아!〉 - 김해.png
88,뮤지컬 〈렌트〉,"3년 만에 크리스마스 시즌을 맞아 다시 돌아오다! 지난 시즌, 관객들의 열렬한 지지를 받았던 장지후, 정원영, 배두훈, 김호영, 임정모, 전나영, 정다희와 백형훈, 김환희, 이지연, 윤형렬, 조권, 김수연, 배수정, 구준모 등 신진 세력이 함께 만들어 갈 열정의 무대!
브로드웨이 렌트의 해외 협력 연출 앤디 세뇨르 주니어가 선사하는 젊은이들의 사랑, 우정, 고뇌와 치열함, 그리고 용기가 가득한 이야기!","드라마, 로맨스, 공감/힐링",뮤지컬 〈렌트〉.gif,/content/drive/MyDrive/캡스톤/데이터/포스터/뮤지컬 〈렌트〉.gif
89,뮤지컬 〈멤피스〉,"뜨거운 리듬과 음악이 살아있는 곳, 멤피스 세상으로 퍼져 나갈 영혼의 음악, 로큰롤! 차별과 갈등이 만연하던 1950년대 미국 남부 테네시주 멤피스.
'흑인 음악'으로 여겨진 로큰롤에 심취해 있던 백인 청년 휴이는 어느 날 흑인 구역인 빌스트리트에 있는 언더그라운드 클럽을 방문한다. 그곳에서 클럽 주인인 델레이의 여동생, 펠리샤의 노래를 듣고 그녀와 그들의 노래를 널리 알리겠다고 결심한다. 이후 휴이는 방송국 DJ로 지원하기 시작하지만 모두 거절당한다. 그러던 중 백인 전용 라디오 방송국인 WHDZ를 방문한 휴이는 DJ가 잠시 떠난 사이 부스에 잠입하여 로큰롤을 전파시킨다. 대형사고였지만 음악에 매료된 10대들의 전화가 방송국으로 빗발치고 WHDZ 사장 시몬스는 휴이에게 2주 간의 트라이아웃 기간을 주는데... 라디오 DJ가 된 휴이! 더 큰 무대에서 노래하고 싶은 펠리샤! 둘의 사랑과 음악은 어떻게 될까?
","드라마, 감동",뮤지컬 〈멤피스〉.gif,/content/drive/MyDrive/캡스톤/데이터/포스터/뮤지컬 〈멤피스〉.gif
90,뮤지컬 〈문스토리〉,"""과거의 달에 아이들이 많이 살았다. 하지만 그 사실을 아는 사람은 거의 없다. '달의 아이들'은 언제나 푸른빛의 지구를 동경했고, 매일 밤, 밤 하늘의 지구를 바라보며 소원을 빌곤 했다.""
서울의 도심. 유령과도 같은 몰골의 전직 만화가이자 택시 기사인 '이헌', 택시를 몰고 도시를 질주한다. 그러던 중, 한 남자를 치게 되고, 겁에 질린 나머지 자신의 단칸방으로 데리고 온다. 죽은 줄로만 알았던 그 남자는 깨어나 자신의 이름을 '용'이라 소개하며, 자신은 달에서 왔다고 말한다. '이헌'은 그가 머리를 다쳤다고 생각하고 망연자실한다. 그 순간 '이'의 어릴 적 단짝친구 '찬영'이 '린'이라는 이름의 여자(트랜스젠더)가 되어 나타나, 다짜고짜 '이헌의 집에 함께 머물게 해달라고 떼를 쓴다. 그렇게 세 사람의 어색한 동거가 시작된다. 며칠 후, '오수연'이라는 만화잡지사의 여기자가 '이헌'을 찾아와 인터뷰를 요청한다. '이헌'은 '린'이 꾸민 일이라 여기고, 인터뷰를 냉정하게 거절한다. '수연'은 못내 아쉬운 듯 뒤돌아서며 뜻밖의 소식을 전한다. 그것은 7년 전 중단되었던 '헌'의 만화 <문스토리>가 인터넷을 통해 웹툰으로 다시 연재되고 있다는 사실이다. 이에 깜짝 놀란 '이헌'은 그녀의 스마트폰을 통해 그 사실을 확인하는데...","드라마, 공감/힐링, 감동",뮤지컬 〈문스토리〉.png,/content/drive/MyDrive/캡스톤/데이터/포스터/뮤지컬 〈문스토리〉.png
91,뮤지컬 〈빨래〉,"서울살이 5년 차인 나영과 솔롱고. 작가의 꿈을 안고 서울에 온 나영은
서점 직원으로 일하며 치이고 치이는 퍽퍽한 서울살이에
꿈은 잊은지 오래다. 몽골에서 온 청년 솔롱고는 꿈을 품고 공장에서 일하고 있지만 이번 달 월급조차 밀릴 위기다. 어느 가을날, 옥상에서 우연히 마주친 두 사람은 바람에 날려 온 나영의 빨래를 계기로 가까워지게 된다. 솔롱고는 월급이 밀려 방세를 내지 못해 쫓겨날 위기를 겪게 되고, 같은 날 나영은 직장에서 부당한 일에 맞서다 도리어 불이익을 당한다. 각자 지친 하루를 안고 집으로 돌아가는 길, 두 사람은 힘들고 외로워도 참아야만 했던 서로의 아픔을 알게 된다. 일어설 힘도 없어 문 앞에 주저앉은 나영에게 희정엄마와 주인할매는 자신들의 이야기로 위로를 건네고, 힘이 되어주는 이웃이 있기에 나영은 다시 일어설 용기를 내어본다.
","드라마, 감동, 공감/힐링",뮤지컬 〈빨래〉.png,/content/drive/MyDrive/캡스톤/데이터/포스터/뮤지컬 〈빨래〉.png
92,쇼 뮤지컬 〈시스터즈 (SheStars!)〉,"빛바랜 사진 속에서 다시 화려하게 부활하는 레전드들 그들의 스타성 그리고 그들의 기깔나는 공연
일제 강점, 전쟁, 가난, 대중문화에 대한 억압과 편견 등 척박한 환경을 극복하고 항상 당당하고 멋있었던 그녀들! 다음 세대 시스터즈들에게 영감이 되었던 레전드의 무대가 오늘 뮤지컬 무대 위에서 화려하게 부활한다!
최고의 아날로그 무대가 하이테크로 완성되다 일제강점기 경성, 미8군 무대, 라스베가스 호텔 등 역사 속 다양한 장소들과 시대를 관통했던 사건들을 오가는 하이테크 무대
다큐멘터리와 모큐멘터리를 오가는 시스터즈들의 처절하고 아름다운 이야기 시대의 음색을 그대로 재현하는 10인조 밴드와 함께 선보이는 최고의 히트곡들 하이테크 기술을 통해 가장 아날로그적 감성이 풍기는 무대로 재현될 시스터즈들의 활약상","코믹, 역사극, 감동",쇼 뮤지컬 〈시스터즈 (SheStars!)〉.png,/content/drive/MyDrive/캡스톤/데이터/포스터/쇼 뮤지컬 〈시스터즈 (SheStars!)〉.png
93,뮤지컬 〈비더슈탄트〉,"1938년 독일, 야심찬 17살 매그너스는 최고의 펜싱 선수가 되기 위해 가장 친한 친구 아벨과 함께 아이드 스포츠 학교에 입학하지만, 학교에 대한 뜻밖의 진실을 알게 된다. 매그너스와 아벨은 펜싱부 친구들과 함께 학교의 비밀을 파헤치고 알리기 시작하면서 그들만의 저항 활동을 시작한다.
한편, 매그너스는 학교의 최고 책임자인 클레어 단장의 관심과 인정을 받으면서 흔들리기 시작하는데...","드라마, 감동",뮤지컬 〈비더슈탄트〉.png,/content/drive/MyDrive/캡스톤/데이터/포스터/뮤지컬 〈비더슈탄트〉.png
94,뮤지컬 〈사칠〉,"#1소방서, 장비계.
의무소방원 시절부터 특급 소방이라 불리며 최강 소방전 지역 예선 2등까지 했지만, 현재는 소방행정과에서 장비계 창고에서 소방 물품을 정리하는 일을 하고 있는 '안정원'은 오늘도 소방물품정리에 여념이 없다. 의무소방시절 후임 '강이준'이 같은 소방서로 발령이 난다. ""소방! 신고합니다. 소방사 강이준은 2016년 7월 21일부로 원척소방서로 배치를 명 받았습니다. 이에 신고합니다. 소방.""","드라마, 감동",뮤지컬 〈사칠〉.gif,/content/drive/MyDrive/캡스톤/데이터/포스터/뮤지컬 〈사칠〉.gif
95,뮤지컬 〈셜록홈즈 : 앤더슨가의 비밀〉,"19세기말 런던 크리스마스 이브.
영국 최고의 명문가 앤더슨가에서 울린
두 발의 총성 그리고 사라진 한 여인!
보름 후, 거액의 사례금과 '셜록 홈즈'의 사무실로
앤더슨가의 세 남자가 찾아온다.
유일한 상속자로 모든 것을 손에 쥔 형 '아담 앤더슨'
1분 차이로 모든 것을 포기해야 했던 그의 쌍둥이 동생 '에릭 앤더슨' 그리고 두 형제의 숙부 '포비 앤더슨'
세 명의 의뢰는 단 하나!
""루시 죤스를 찾아 주시오!""
범죄가 없는 런던에 지루해 하던 셜록은
새로운 사건에 흥분하며 왓슨과 함께 사건을 맡는다.
수사가 시작되자 '앤더슨가 주변의 인물들이
한 명씩 살해되기 시작하는데...","스릴러, 미스터리, 로맨스",뮤지컬 〈셜록홈즈 : 앤더슨가의 비밀〉.png,/content/drive/MyDrive/캡스톤/데이터/포스터/뮤지컬 〈셜록홈즈 : 앤더슨가의 비밀〉.png
96,뮤지컬 〈쇼맨_어느 독재자의 네 번째 대역배우〉,"내가 가장 나다울 수 있는 순간을 향해 이것은 쇼, 한바탕 꿈
2020년 미국 뉴저지 주 어느 소도시. 대형마트 직원으로 하루하루 성실하게 살아가는 한국계 입양아 출신 수아는 유일한 취미인 유원지 구경을 하던 중
회전목마를 타고 나타난 수상한 노인 네불라를 만난다. 수아를 사진작가로 오해한 네불라는 그녀에게 촬영을 의뢰하고, 수아는 대충 찍고 공돈이나 벌 생각에 흔쾌히 의뢰를 받아들인다. 하지만 수아의 예상과 달리 네불라는 진짜 자신의 모습을 남기고 싶다며 혼신의 힘을 다해 지난 인생 역정을 털어놓는다. 그 모습이 부담스럽다 못해 징그럽기까지 한수아는 어쩔 줄을 모르는데... 과연 수아는 극도의 거북함을 무릅쓰고 무사히 촬영을 마칠 수 있을까? 또한 처절하리만큼 인생 사진에 집착하는 네불라의 진짜 속내는 무엇일까?","드라마, 공감/힐링",뮤지컬 〈쇼맨_어느 독재자의 네 번째 대역배우〉.png,/content/drive/MyDrive/캡스톤/데이터/포스터/뮤지컬 〈쇼맨_어느 독재자의 네 번째 대역배우〉.png
97,뮤지컬 〈스모크〉,"""바다는 정말 신기하네요. 어떻게 아무리 추워도 얼지 않아요? 강은 추우면 얼어버리는데....""
'한없이 넓고 깊으니까...끝없는 생명이 나오는 거 아닐까요? 절대로 얻거나 멈추지 않죠."" 바다를 향한 꿈으로 가득한 해는 나쁜 짓인 줄 알면서도 홍을 납치하려는 초에게 동조한다. 하지만 해는 초가 몸값을 얻어내기 위한 전보를 치러 나간 사이에 기침으로 괴로워하는홍을 풀어주고, 홍은 해에게 다가간다. ""나... 모르겠어?' 갇힌 공간 두 남자와 한 여자. 이들은 과연 어떤 비밀을 가지고 있는 걸까.",드라마,뮤지컬 〈스모크〉.png,/content/drive/MyDrive/캡스톤/데이터/포스터/뮤지컬 〈스모크〉.png
98,뮤지컬 〈스토리오브마이라이프〉,"""바다는 정말 신기하네요. 어떻게 아무리 추워도 얼지 않아요? 강은 추우면 얼어버리는데....""
'한없이 넓고 깊으니까...끝없는 생명이 나오는 거 아닐까요? 절대로 얻거나 멈추지 않죠."" 바다를 향한 꿈으로 가득한 해는 나쁜 짓인 줄 알면서도 홍을 납치하려는 초에게 동조한다. 하지만 해는 초가 몸값을 얻어내기 위한 전보를 치러 나간 사이에 기침으로 괴로워하는홍을 풀어주고, 홍은 해에게 다가간다. ""나... 모르겠어?' 갇힌 공간 두 남자와 한 여자. 이들은 과연 어떤 비밀을 가지고 있는 걸까.","드라마, 감동 ",뮤지컬 〈스토리오브마이라이프〉.png,/content/drive/MyDrive/캡스톤/데이터/포스터/뮤지컬 〈스토리오브마이라이프〉.png
99,뮤지컬 〈삼총사〉,"17세기 프랑스, 가스코뉴 출신의 달타냥은 총사가 되기 위해 파리로 온다.
파리의 아름다운 거리에 감탄하던 달타냥은 소매치기를 당하고, 이를 잡으려다 세 명의 총사와 마주친다. 이들은 다름아닌 유명한 삼총사 아토스, 아라미스, 포르토스! 달타냥을 시골뜨기라 비웃는 삼총사와 겁 없는 가스코뉴 청년 달타냥은 명예를 건 결투를 약속한다. 정오를 알리는 시계탑 종소리가 울리고 마침내 달타냥과 삼총사는 결투를 시작하려는데, 돌연 붉은 망토의 사나이들이 나타난다. 이들은 파리 최고의 권력가 리슐리외 추기경의 근위병들이다. 삼총사는 이들과 시비 끝에 결투를 하게 되고, 달타냥은 삼총사와 하나가 되어 통쾌한 승리를 거둔다. 승리를 자축하며 한바탕 술판을 벌이는 달타냥과 삼총사. 달타냥은 그곳에서 마주친 천사 같은 여인 콘스탄스와 사랑에 빠진다. 하지만 술판이 무르익어갈 무렵, 어디선가 날카로운 비명소리가 들리고 콘스탄스는 의문의 납치를 당하게 된다. 달타냥과 삼총사는 납치범이 리슐리외 추기경의 여간첩 밀라디임을 알게되고 힘을 합쳐 리슐리외 추기경의 음모를 밝혀내기로 결의한다. 한편, 왕실에서는 일주일 후 열리는 왕의 탄신일 준비로 분주하다. 하지만 왕은 행방불명되고, 달타냥과 삼총사에게는 예기치 못한 음모가 기다리고 있는데......","역사극, 액션,  코믹",뮤지컬 〈삼총사〉.png,/content/drive/MyDrive/캡스톤/데이터/포스터/뮤지컬 〈삼총사〉.png
100,뮤지컬 〈오페라의 유령〉 - 서울,"거부할수없는 강렬한 이끌림 가면속에 감춰진 아름다운 러브스토리
파리 오페라 하우스 무명 무용수였던 크리스틴은 우연히 새로운 공연의 주인공으로 발탁되고 그녀의 아름다운 노랫소리는 모두를 매료시키며 최고의 프리마돈나로 급부상한다
유령의 초대, 그리고 경고 분장실에 홀로 있던 크리스틴은 흰 마스크로 얼굴을 숨긴 채 나타난 유령에게 이끌려 지하미궁으로 사라진다. 크리스틴의 실종으로 혼란에 빠진 오페라하우스에는 유령의 경고장이 한장씩 도착한다.
거부할 수 없는 운명 다시 돌아온 크리스틴,
하지만 지하미궁 유령의 은신처에서 그의 정체를 알게 된 크리스틴은 공포에 사로잡히고 그녀를사랑하는귀족 청년 라울은 사랑을 맹세하며 크리스틴을 유령에게서 구해내기 위해 계획을 세우는데.....","드라마, 로맨스, 감동",뮤지컬 〈오페라의 유령〉 - 서울.gif,/content/drive/MyDrive/캡스톤/데이터/포스터/뮤지컬 〈오페라의 유령〉 - 서울.gif
101,뮤지컬 〈위윌락유〉,"전설의 기타를 뽑아들고 달릴거야! 널 다시 만날때까지!
2223년의 지구는 픽셀 휴먼 킬러퀸의 지배를 받으며 아이플래닛이라고 불리게 된다. 모든 인간은 슈퍼컴퓨터에 의해 정해진 인생만을 살아야 하고 이를 따르지 않을 경우 사살된다는 악법의 세상 속에서 사랑과 음악, 선택의 자유를 빼앗긴 인간들은 분노하기 시작한다.
아이플래닛에 대항하는 혁명군, 보헤미안들의 대장 갈릴레오는 스카라무슈와 함께 아이플래닛의 슈퍼컴퓨터를 폭파하기 위해 그들의 심장부로 잠입했다가 총사령관 카쇼기의 공격에 의해 스카라무슈를 잃게 되고 슬픔에 빠진
갈릴레오는 이 우주의 또 다른 시간 어디에선가 살아있을 그녀를 찾기 위해 전설의 기타를 뽑아들고 200년 전의 과거로 들어서는데... 과연, 갈릴레오는 과거의 시간 속에서 스카라무슈를 다시 만나 사랑을 이루고 2223년의 지구를 킬러퀸으로부터 구해낼 수 있을까?
","드라마, 코믹",뮤지컬 〈위윌락유〉.png,/content/drive/MyDrive/캡스톤/데이터/포스터/뮤지컬 〈위윌락유〉.png
102,뮤지컬 〈이토록 보통의〉,"우주비행사를 꿈꾸는 '제이'와 그녀를 사랑하는 '은기'
여느 때와 다름없는 '보통' 일상을 보내던 어느 날,
""나 드디어 우주로 발령받았어!!!""
오랜 꿈을 이루게 되어 기쁜 제이와
통보를 받아들일 수 없는 은기.
그들의 관계는 혼란스러워지기 시작하는데...
","드라마, 감동, 로맨스",뮤지컬 〈이토록 보통의〉.png,/content/drive/MyDrive/캡스톤/데이터/포스터/뮤지컬 〈이토록 보통의〉.png
103,뮤지컬 〈인사이드 윌리엄〉 2023,"세계적인 명작 탄생을 꿈꾸며 「명작, 이대로만 하면 쓸 수 있다!」의 지침에 따라 아버지의 복수에 성공하는 왕자 햄릿과 가문의 반대를 극복하고 사랑을 이루는 「로미오와 줄리엣을 집필 중인 셰익스피어
원고속에 직접 뛰어들어 흥미진진하게 이야기를 진행시키던 중 불어오는 거센 바람 때문에 두 원고는 뒤섞이고, 캐릭터들은 원고 밖으로 빠져나오게 되는데... 복수보다는 시를 쓰고 싶은 햄릿
사랑보다는 칼이 더 좋은 줄리엣 장르불문 무조건 주인공이 되고 싶은 로미오 어떻게든 캐릭터들을 제자리로 되돌려 명작을 탄생시키려는 셰익스피어
과연 그들은 자신만의 파라다이스를 찾을수 있을까?","드라마, 공감/힐링",뮤지컬 〈인사이드 윌리엄〉 2023.png,/content/drive/MyDrive/캡스톤/데이터/포스터/뮤지컬 〈인사이드 윌리엄〉 2023.png
104,뮤지컬 〈칠칠〉,"그림으로 먹고 사는 직업 화가, 조선 최초의 환쟁이 최북. 최북은 '최산수'라 불리며 산수화의 달인으로 이름을 높이지만 자신의 그림을 물에 담그거나, 판매한 그림을 찢는 기행을 일삼는다. 그의 기행에 사람들은 점점 그를 떠나가지만 유일한 친구 무명만은 그의 곁을 지킨다. 어느 날, 북은 자신의 대표작을 그리기 위해 무명과 금강산으로 떠나고 그곳에서 외면했던 과거를 돌아보게 된다. 마침내 자신의 혼을 넣은 그림을 완성하고 한양으로 돌아온 날, 세도가 원준이 그림을 사기 위해 최북과 무명을 찾아온다. 얼굴을 가린 발 앞에 앉아 그림을 보던 원준은 그림에 대한 답례라며 이야기 하나를 시작하는데....","드라마, 공감/힐링",뮤지컬 〈칠칠〉.png,/content/drive/MyDrive/캡스톤/데이터/포스터/뮤지컬 〈칠칠〉.png
105,뮤지컬 〈컴프롬어웨이〉,"2001년 9월 11일.
전 세계가 혼란과 절망에 빠진 그때, 미국으로 향하던 38대의 비행기가 캐나다의 작은 도시 갠더로 불시착한다. 승객들은 영문도 모른 채 불안에 떨고, 비행기 안은 정체 모를 소문만 무성하다. 그리고, 갠더 주민들은 혼란에 빠져 있을 새도 없이 어느 날 갑자기 자신들의 인구만큼이나 많은 이방인들을 맞이해야만 하는 상황에 맞닥뜨린다. 작은 마을의 시장. 오늘 처음 출근한 신입 리포터. 시위 중이던 지역 버스 운전사 노조위원장. 컨퍼런스로 향하던 직장인. 매일 두 번의 기도를 올려야 하는 무슬림 동물들에 대한 걱정이 최우선인 동물학대방지협회 대표. 소방관 아들을 둔 엄마. 휴가를 떠나던 커플.  비행기 기장
인종도, 고향도, 언어도, 취향도, 성격도 모두 다른 이들이, 작은 땅 갠더에서 서로를 이해할 수 있을까..?","드라마, 감동",뮤지컬 〈컴프롬어웨이〉.png,/content/drive/MyDrive/캡스톤/데이터/포스터/뮤지컬 〈컴프롬어웨이〉.png
106,뮤지컬 〈킴즈〉,"다정한 심리학자 아빠 게이브, 잘나가는 영화감독 엄마 에이미, 인플루언서 대학생인 딸 메리, 천재 게임 개발자 아들 에릭까지. 이 4인 가족은 그야말로 이상적이고 화목한 '완벽한 가족'이다. 어느날 갑자기 완벽해보이는 이들의 은밀한 사생활이 폭로되고 그들을 둘러싼 모든 상황이 달라져 버린다!
가족들은 불행의 원인을 서로에게 찾으며 서로 물고 헐뜯으며 파멸 직전까지 가는 그 순간! 온 세상이 파랗게 변하고 그들의 눈 앞에 알 수 없는 코드문자들이 쏟아지기 시작하는데....!","코믹, 감동",뮤지컬 〈킴즈〉.gif,/content/drive/MyDrive/캡스톤/데이터/포스터/뮤지컬 〈킴즈〉.gif
107,뮤지컬 〈타오르는 어둠 속에서〉,"장애를 잊고 자유롭고 평화롭게 살아가는 '돈 파블로 맹인학교의 학생들
그들 중 리더인 까를로스와 후아나는 모두의 부러움을 사는 우등생 커플이다. 개학 첫날, 그들만의 완전한 세상에 염세적이고 비관적인 태도의 '이그나시오'가 입학한다. 이후 이그나시오의 존재로 인해 학생들은 조금씩 자신들의 장애를 인식하고 자신감을 잃어간다. 까를로스와 후아나는 이를 바로 잡기 위해서 나서지만 학교는 점점 더 혼란에 빠지게 되는데..","드라마, 감동",뮤지컬 〈타오르는 어둠 속에서〉.png,/content/drive/MyDrive/캡스톤/데이터/포스터/뮤지컬 〈타오르는 어둠 속에서〉.png
108,뮤지컬 〈판〉,"19세기 말 조선. 서민들 사이에서 흉흉한 세상을 풍자하는 패관소설들이 퍼지자 세책가를 중심으로 소설들을 모두 거둬 불태워버리라는 명령이 떨어진다. 과거시험에는 별 다른 관심이 없던 부잣집 도련님 달수는 어느 날 세책가 앞에서 우연히 보게 된 이덕에 반해 한 매설방 앞에 당도하게 된다.
시대를 읽는 눈을 가진 밝은 여성, 춘섬이 운영하는 매설방에서 이덕은 이야기를 읽는 전기수를 위한 소설을 필사하고 있다. 달수는 그곳에서 조선의 여인들을 이야기로 홀린 희대의 전기수 호태를 만나 금지된 이야기의 맛에 서서히 빠져들고, 급기야 호태를 따라다니며 '낭독의 기술까지 전수받게 되는데...","코믹, 블랙코미디, 감동",뮤지컬 〈판〉.png,/content/drive/MyDrive/캡스톤/데이터/포스터/뮤지컬 〈판〉.png
109,뮤지컬 〈프리다〉,"인생은 무엇일까? 죽음은 무엇일까? 산다는 것과 죽는다는 것의 경계에서 이 쇼는 시작된다.
THE LAST NIGHT SHOW
오늘의 주인공으로 소개되는 이는 멕시코 화가 프리다 칼로! 세 명의 크루들과 함께 들려주는 그녀의 삶. 인생 변곡점의 순간마다 그녀가 어떤 선택을 했는지에 대한 이야기를 따라가다 보면 우리는 이 쇼가 그냥 평범한 쇼가 아님을 알게 된다. 인생의 마지막 날. 눈을 감기 전 펼쳐진다는 파노라마가 이 쇼의 진짜 이야기였다는 것을 알게 된 순간 그녀의 심장은 멈춘다. 그리고 비로소 시작된다. 신체적 고통과 정신적 고통, 그 모든 것을 그림과 예술, 위트로 승화시킨 그녀의 진짜 쇼가 말이다.",드라마,뮤지컬 〈프리다〉.gif,/content/drive/MyDrive/캡스톤/데이터/포스터/뮤지컬 〈프리다〉.gif
110,뮤지컬 〈후크〉,"런던에서 공장을 운영하는 공장장 제임스.
제임스는 어린 시절 형 데이비드가 실종된 후로 자신을 데이비드라 부르는 미쳐버린 어머니와 밤마다 이상한 놀이를 하며 살아간다. 그러던 어느 날, 어머니가 사라져버리고... 뒤틀려버린 현실로부터 도망가고 싶은 제임스 귓가에 모든 걸 잊어도 된다는 속삭임이 들려온다. 제임스는 어머니의 자취를 따라, 그리고 그 소리를 따라 네버랜드에 도착하고, 그곳에서 만난 피터팬과 웬디의 이야기 놀이에 빠져 현실을 잠시 잊고 네버랜드의 후크가 되어 가는데....",판타지,뮤지컬 〈후크〉.png,/content/drive/MyDrive/캡스톤/데이터/포스터/뮤지컬 〈후크〉.png
111,뮤지컬 드라큘라 (Dracula：The Musical),"빅토리아 시대가 끝나갈 무렵 유럽, 트란실바니아의 영주 드라큘라는 이주를 위해 영국의 토지를 매입하고자하고이 일을 위임받은 젊은 변호사 조나단과 그의 약혼녀 미나는 드라큘라의 초청으로 그의 불가사의한 성에 도착한다. 미나를 마주한 드라큘라는 그녀가 오랫동안 기다려 온 사랑이라는 것을 확신하고, 미나는 드라큘라에게 거부할 수 없는 운명적 이끌림을 느낀다. 한편, 미나의 절친한 친구인 루시는 드라큘라를 만난 뒤로부터 알 수 없는 병으로 앓게 되고 저명한 학자인 반 헬싱 교수는 루시를 보자마자 자신이 오랜 시간동안 연구해 온 뱀파이어의 존재를 직감하고 드라큘라를 추적하기 시작하는데...","로맨스, 판타지",뮤지컬 드라큘라 (Dracula：The Musical).png,/content/drive/MyDrive/캡스톤/데이터/포스터/뮤지컬 드라큘라 (Dracula：The Musical).png
112,뮤지컬 〈블랙메리포핀스〉,"1926년, 독일의 저명한 심리학자 그라첸 슈워츠 박사 대저택 화재 사건!
화재로 인해 대저택은 물론 시체마저 훼손되어 흔적도 남지 않은 이 사건은
세간에 널리 알려지며 강렬한 인상으로 각인된다.
박사의 연구조교이자 입양된 네 아이들의 보모였던 메리 슈미트가 아이들을 극적으로 구출하고 전신화상을 입은 채 사라졌기 때문이다. 화재사건 다음날, 메리는 병원에서 실종되어 수배령이 떨어졌고, 아이들은 화재 당시 있었던 일에 대해 아무것도 기억하지 못했다. 그렇게 사건은 미제 사건으로 일단락되는듯했다. 12년이 지나 사건은 사람들의 기억 속에서 서서히 사라졌고, 네 명의 아이들도 각기 다른 집에 입양돼 새로운 삶을 살아가고 있었다.
담당 형사였던 발터가 죽기 직전, 그라첸 박사의 비밀수첩을 한스에게 건네기 전까지는... 다시 7년이 지난 1945년 절대 끝나지 않을 것 같았던 나치 정권의 붕괴 후, 어느 서점 2층의 작은방. 이 방에서 심리학계를 넘어 전후 상처받은 사회 전반에 큰 반향을 일으키는 사건이 벌어진다. 한때는 메리 슈미트의 연구실이었고 이제는 안나 레아의 연구실이 된 그 방에서 네 명의 아이들은 스스로 의자에 앉아 무의식 속 기억의 방문을 연다. 그리고 그 오래되고 작은 방 속에 갇혀 있던 자신들의 이름을 꺼내어 기어이 삶을 증명한다.","미스터리, 감동",뮤지컬 〈블랙메리포핀스〉.png,/content/drive/MyDrive/캡스톤/데이터/포스터/뮤지컬 〈블랙메리포핀스〉.png
113,뮤지컬 ＇벤허＇,"서기 21년, 제정 로마의 박해에 신음하는 예루살렘, 명망 높은 유대의 귀족 벤허는 로마의 장교가 되어 돌아온 친구 메셀라와 오랜만에 재회한다.
숱한 전쟁을 겪으며 살아남은 메셀라는 벤허에게 유대의 폭도 소탕을 도와달라 부탁하지만, 벤허는 이를 거절한다. 다음 날, 벤허의 여동생 티르자는 집 옥상에서 그라투스 총독의 행군을 구경하다 기왓장을 떨어뜨리는 사고를 낸다. 메셀라는 이를 문제삼아 벤허 가문 전체에 반역죄를 씌운다. 억울한 누명을 쓴 벤허는 로마 군함의 노를 젓는 노예가 된다. 3년 후, 벤허가 탄 군함이 해적과의 전투 중 난파되고, 사령관 퀸터스의 목숨을 구한 벤허는 자유의 신분을 얻어 로마의 귀족이 된다. 생사의 위기를 극복한 벤허는 자신의 모든 것을 앗아간 메셀라에게 복수할 것을 결심한다. 한편, 예루살렘은 나사렛에서부터 유대의 새로운 왕이 온다는 소문으로 술렁이고, 마침내 고향으로 돌아온 벤허는 메셀라에 맞서 전차경주장의 출발선 앞에 나란히 서게 되는데...
","드라마, 역사극, 액션",뮤지컬 ＇벤허＇.png,/content/drive/MyDrive/캡스톤/데이터/포스터/뮤지컬 ＇벤허＇.png
114,어른이 뮤지컬 〈난쟁이들〉,"왕자와 공주들의 아름다운 사랑이 이루어지는 동화나라!
그곳 난쟁이 마을에 난쟁이 찰리와 빅이 살고 있다. 그들은 매일 광산에서 하루 종일 보석을 캐지만 아무리 열심히 벌어봤자 답답한 현실에서 벗어날 기미가 보이지 않는다. 그러던 어느 날, 동화나라에 무도회가 열린다는 공고가 난다. 오랜 전통대로 무도회에서 진실한 키스를 하는 커플이 새로운 동화의 주인공이 된다는 소식은 인생역전의 기회만 노리던 찰리의 심장을 뛰게 한다. 그는 빅과 함께 재투성이 신데렐라를 공주로 만들어 준 마녀 할머니를 찾아가 왕자를 만들어달라고 하지만 마녀는 이젠 개천에서 용나던 시절은 지났다며 마법도 소용없다고 말한다. 하지만 찰리와 빅은 포기하지 않고 급기야 마녀와 거래를 하게 되는데...
","로맨스, 코믹",어른이 뮤지컬 〈난쟁이들〉.png,/content/drive/MyDrive/캡스톤/데이터/포스터/어른이 뮤지컬 〈난쟁이들〉.png
115,이은결 ［더 일루션 - 마스터피스］,"[더 일루션]은 그동안 마술영역에서 볼 수 없었던 하나의 주제의식을 담은 작가주의를 탄생시킨 평가를 받으며 매직이라는 장르 최초로 국립극장과 예술의전당 단독공연에 이어 지난해 LG아트센터 서울의 개관작으로 초청되는 등 작품성과 대중성을 동시에 인정받은 전 세계 유일무이한 작품이다.
[더 일루션]의 다이내믹한 구성과 이은결의 퍼포먼스는 국내 뿐만이 아닌 세계적으로 이미 ""마술계 탑클래스로 인정 받았으며 2018년 전세계 50여개국 2,300명의 마술인들이 참여한 가장 권위 있는 국제 매직콩클 피즘(F.I.S.M)에서 단독 오프닝 공연을 장식하여 업계의 전문가와 마니아들에게 두 번의 전석 기립박수를 받으며 극찬과 찬사가 쏟아진바 있다. [더 일루션-마스터피스]는 이렇게 12년 넘게 한 작품만을 세공한 일루셔니스트 이은결의 서사를 완결하기 위한 완성작이다. 특히 전 세계 최초로 시도된 하나의 장면을 연출하기 위해 지난 1년간 라스베거스 최정상 기술팀과의 협업으로 작품의 마지막 퍼즐을 완성하였다.","마술, 판타지",이은결 ［더 일루션 - 마스터피스］.gif,/content/drive/MyDrive/캡스톤/데이터/포스터/이은결 ［더 일루션 - 마스터피스］.gif
116,창작가무극 〈순신〉,"1592년 임진년 4월 어느 날, 순신은 불길한 꿈을 꾼다.
그의 꿈처럼 임진왜란이 발발하고, 전라좌수사에 천거된 순신은 조선의 바다를 지켜 왜적을 막아낸다. 한산대첩을 앞둔 순신은 거대한 조각들이 구선을 이루고, 철갑이 둘러지는 꿈을 꾼다. 거북선의 형상이다. 한산대첩에 거북선을 활용한 순신은 승리한다. 하지만, 전쟁이 계속될수록 악몽에 시달린다. 전쟁에 대한 무거움, 백성들의 칭송에 대한 버거움, 왜군을 피해 몽진한 선조와 왜군과 정면 승부하는 순신이 대조되며 둘 사이의 갈등에 대신들의 차가운 눈초리까지. 순신은 '나라의 충실한 신하가 되어 살아가라'는 그의 이름 '순신'처럼 살아가고자 발버둥친다. 꿈속 어머니의 당부처럼... 하지만 전쟁에서 승리할수록 순신은 사랑하는 이들을 잃게 된다. 어머니와 아들 면까지. 순신은 또다시 꿈을 꾼다. 전쟁으로 인해, 순신으로 인해 죽은 이들이 나타나 원망한다. 이들은 배가고파쌀을 훔치고, 가족이 보고파군영을 벗어난 수군들이자, 백성들이다. 엄격한 수장으로서 어쩔 수 없는 선택을 한 순신. 눈물로 용서를 구해보지만 그들은 차갑게 외면한다. 어찌하면 그들에게 속죄할 수 있을까. 순신을 결심한다. 반드시 용서를 구하리라고, 이 전쟁의 끝에서 살아서가 아니면 죽어서라도.","역사극, 드라마",창작가무극 〈순신〉.gif,/content/drive/MyDrive/캡스톤/데이터/포스터/창작가무극 〈순신〉.gif
117,태양의서커스 〈루치아〉,"노란마리골드 꽃밭에 추락한 낙하산
호기심에 거대한 금속 열쇠를 돌리자 펼쳐지는 꿈과 현실 사이 환상의 세계! 오래된 영화 세트장을 거쳐 바다까지. 연기가 자욱한 댄스홀에서 건조한 사막까지! 다채로운 색상과 풍경이 펼쳐지는 루치아의 마법의 여정!
웅장함에 압도되는 놀라운 비주얼과 인간의 한계를 뛰어넘는 숨막히는 곡예! 태양의 서커스 빅탑투어 쇼 최초로 선보이는 무대 위의 물속 펼쳐지는 아찔한 곡예 쇼!","판타지, 액션",태양의서커스 〈루치아〉.png,/content/drive/MyDrive/캡스톤/데이터/포스터/태양의서커스 〈루치아〉.png
118,［제주］뉴미디어뮤지컬(노형수퍼마켙),"시간의 여신, 오늘
노형수퍼마켙만의 새로운 상설 공연으로 지루할 틈 없이 다양한 경험을 선사 합니다.
눈과 귀를 즐겁게 하는 무대
창작곡 바다밭에 가자 부터 <레베카>의 레베카, <겨울왕국>의 LET IT GO, <위대한 쇼맨>의 THIS IS ME 등 다채로운 곡과 무대 구성으로 여러분들을 찾아옵니다!
모두 함께 즐길 수 있는 제주도 최초의 뉴 미디어 뮤지컬을 만나보세요.",액션,［제주］뉴미디어뮤지컬(노형수퍼마켙).png,/content/drive/MyDrive/캡스톤/데이터/포스터/［제주］뉴미디어뮤지컬(노형수퍼마켙).png
119,"［청주,세종］뮤지컬 빌의구둣방","19세기 후반 산업혁명이 진행되는 유럽.
산업 생산과 함께 기성 제품 유행이 시작되면서 수제시장에는 사람들의 발걸음이 끊기게 되고, 소비 형태의 획일화는 생산 전문직을 사회의 배경으로 밀어내는 추이다. 대를 이어 운영해왔지만, 산업화로 발길이 끊긴 구둣방. 그 곳의 주인 빌은 임대료를 지급하지 못하여 쫓겨날지도 모르는 상황에 처했다. 생계를 위해 다른 선택을 해야 하는지, 평생을 바쳐온 구두 장인의 생활을 지켜야 하는지. 빌은 지금까지의 모든 과정을 함께 해 준 아내에게 미안해하며, 자신을 기다려 주지 않는 엄혹한 현실 속에서 갈등한다. 한 눈으로 봐도 걸음걸이가 불편해 보이는 여인 길버타. 그녀는 충분한 능력을 갖췄음에도 다리를 전다는 이유 하나만으로 부당한 대우를 받으며 직장조차 얻지 못한다. 자본주의 사회의 병폐와 부조리한 삶을 온전히 느끼면서 하루 살기 급급한 상황으로 내몰리던 와중, 길버타는 빌의 구둣방을 찾아가고... 빌의 아내 안네와 만난다.","드라마, 코믹, 감동","［청주,세종］뮤지컬 빌의구둣방.png","/content/drive/MyDrive/캡스톤/데이터/포스터/［청주,세종］뮤지컬 빌의구둣방.png"
120,뮤지컬 〈왓 이프〉,"있어도 없는 듯한 무존재감으로 회사에서 일명 고스트로 불리는 주명
소심하고 소극적인 성격 탓에 매번 부당한 일을 당하고도 꾹꾹 삼켜내며 회사생활을 버텨내고 있다. 어느 날, 차은우를 닮은 완벽남 차은유 과장의 등장으로 간절한 짝사랑을 시작한다. 그의 마음을 얻고 싶은 주명은 회사에서 유일하게 의지하는 왕따 동지 유신에게 고민 상담을 받게 되는데, 유신은 가문 대대로 소원을 들어주는 신비한 능력이 있다며 믿기지 않는 이야길 꺼내며 5가지 소원을 들어주기로 약속한다. 소심한 주명은 5가지 소원으로 완벽남 차은유의 마음을 뺏을 수 있을까?!","로맨스, 코믹",뮤지컬 〈왓 이프〉.gif,/content/drive/MyDrive/캡스톤/데이터/포스터/뮤지컬 〈왓 이프〉.gif
121,써니텐,"지난 사랑의 상처로 더 이상 사랑은 믿지 않는다! 운빨 하난 끝내주는 워커홀릭 혜영에게 꿈에 그리던 영국 유학의 기회가 찾아온다.
하지만 유학 허락과 함께 주어진 아빠의 조건. 바로 소. 개. 팅 ""네가 먼저 차는 건 안돼! 혹시 남자가 널 차면 모를까...
오.. 남자가 날 차기만 하면 된다는거지? 이제 한 사람한테만 차이면 모든 게 끝난다. 갈 수 있다, 영국!
근데 이 남자, 만만치 않다.. 날짜는 다가오고 한 개도 안 먹혀, 이 남자 뭐 꼼수 있는 거 아냐?? 정신 차려 이혜영, 네 인생이 어떻게 바뀔지도 모르는데
기한은 10일! 10일 안에 하여야만 해!
되는 것 하나 없는 걸어 다니는 머피의 법칙 준호. 이번 방송 개편에 방송 못 맡으면 편집실 행이라고?! 방송을 위해 국장님이 제안한 딜.
""그녀의 마음만 얻는다면 정PD 이름 걸고 방송할 수 있게 해주겠네!"" 이 여자의 마음만 얻으면 프로그램도 얻을 수 있다는 말이지? 근데 이 여자, 만만치가 않다..
이 정도면 정신적으로 문제 있는 거 아니야? 아니야 정준호, 그녀의 맘만 얻으면 돼. 정준호 할 수 있어, 파이팅! 10일 안에 사로잡아만 해!","드라마, 로맨스",써니텐.gif,/content/drive/MyDrive/캡스톤/데이터/포스터/써니텐.gif
122,뮤지컬 썸데이,"음악을 하고 싶은 '연수', 하지만 홀로 연수를 키워온 연수의 아빠 '이암'은
무섭고도 절대적인 방해요소다. 경쟁률이 높은 대학, 실용음악과에 합격하고도 갈 수 없을거란 마음에
<Someday>바에서 칵테일을 마시는 연수는 <Someday>바의 주인인 '우연희'와 대화를 나누고 누군가가 가사를 적어둔
신비로운 다이어리에 의해 타임워프를 하게 된다. 아빠의 스무살로 타임워프 된 연수, 다행히 아빠는 연수를 알아보지 못한다.
아빠도 원래 음악을 했었다는 충격적인 사실도 잠시, 연수는 과거의 이암이 음악을 포기하지 못하도록 작전을 세우는데...
연수는 아빠의 꿈을 함께 지켜내고 계속 노래할 수 있을까?","감동, 가족",뮤지컬 썸데이.gif,/content/drive/MyDrive/캡스톤/데이터/포스터/뮤지컬 썸데이.gif
123,뮤지컬 프리즌,"락 밴드 연습생들 감옥 가다! 가수의 꿈을 안고 혹독한 준비를 해왔지만 사기를 당한 청년들! 갚을 돈을 만들기 위해 은행털이까지 결심하지만
준비 부족으로 결국 경찰에게 포위되고 만다. 훔친 현금을 어딘가 숨겨놓은 채 교도소에 들어간 일당은 탈출 후 현금을 찾아 해외 도피 계획을 세우지만 쉽지가 않다. 설상가상 함께 수감된 방장을 재밌게 해야 하는 이유로 매일 춤과 노래 트레이닝을 당한다. 얼마 후 기발한 아이디어로 탈옥에 성공한 이들은 돈을 숨겨둔 은행을 찾아가지만그 자리엔 은행 대신 클럽이 생겨났다. 숨겨진 현금을 찾기 위해 클럽에 밴드로 취직한 이들은 경찰의 추적을 피해 다양한 콘셉트로 변장해 밴드로 활동하기에 이른다. 숨겨둔 돈은 보이지 않고 밴드는 점점 유명세를 얻기 시작한다. ""그러던 어느 날 이들에게 음반 출시 제안이 들어오고 그 음반은 대박행진을 치게 되는데! 운명의 나침반은 앞으로 이들에게 어떤 방향을 안내할까?","관객 참여형, 코믹",뮤지컬 프리즌.gif,/content/drive/MyDrive/캡스톤/데이터/포스터/뮤지컬 프리즌.gif
124,뮤직드라마 당신만이,"일년에 치를 제사가 무려 8번! 오늘도 제사 때문에 등골이 휘는 필례는 남편 봉식을 짐꾼으로 달고 장을 보러 나섰다. 한 푼이라도 아끼려고 콩나물 값 50원을 두고 실랑이를 벌이는 필례가 부끄럽기만 한 봉식. 콩나물 값 50원에서 시작한 이싸움은, 제사상에 올릴 정종 병나발 사태까지 이어지고, 급기야 이혼을 선언하는 필례.... 버럭질 최강에 무뚝뚝한 봉식과, 변덕쟁이, 쌈닭 본능의 경상도녀의 필례. 과연이 부부의 37년간 러브스토리는 순탄하게 이어질 것인지","감동, 가족",뮤직드라마 당신만이.gif,/content/drive/MyDrive/캡스톤/데이터/포스터/뮤직드라마 당신만이.gif
125,뮤지컬 〈투모로우 모닝〉,"통통 튀는 매력, 존 & 캣의 풋풋함과
책 & 캐서린의 무르익은 감정을 비교하며
감상하는 재미 판타지 같은 사랑이야기는 No! 누구나 공감할 수 있는
연애 이야기! 무대 위에서 벌어지는 두 커플의 이야기를 따라가며
나의 사람과 행복, 그리고 그리운 기억을 다시금 떠올려 보자!","로맨스, 공감/힐링",뮤지컬 〈투모로우 모닝〉.gif,/content/drive/MyDrive/캡스톤/데이터/포스터/뮤지컬 〈투모로우 모닝〉.gif
126,뮤지컬 스크루테이프의 편지,"악마들의 7가지 유혹의 기술
I 피곤하게 하고 짜증내게 하라
II 영혼을 위해 기도만 하고, 기본적 의무에 소홀하게 하라
III 세상을 목적으로 믿음을 수단으로 삼게하라
IV 참,거짓을 따지는 생각을 못하게 하라
V세상의 기준과 관습과 유행에 따르게 하라
VI 미래의 무지개 꿈을 쫓아다니게 하면서 고민과 불안에 빠지게 하라 VII 거짓영성을 부추키고 순종하는 기도를 외면하게 하라","판타지, 종교",뮤지컬 스크루테이프의 편지.gif,/content/drive/MyDrive/캡스톤/데이터/포스터/뮤지컬 스크루테이프의 편지.gif
